id,gender,masterCategory,subCategory,articleType,baseColour,season,year,usage,productDisplayName
20099,Women,Apparel,Topwear,Kurtas,Green,Fall,2011.0,Ethnic,Diva Women Embroided Green Kurta
42841,Women,Accessories,Bags,Handbags,Beige,Summer,2012.0,Casual,French Connection Women Beige Handbag
22198,Men,Footwear,Shoes,Casual Shoes,Black,Fall,2012.0,Casual,Timberland Men Black Casual Shoes
34835,Men,Footwear,Shoes,Sports Shoes,Blue,Summer,2012.0,Sports,ADIDAS Men Blue Chill Sports Shoes
7193,Women,Apparel,Bottomwear,Jeans,Black,Fall,2011.0,Casual,Jealous 21 Women Black Jegging
3533,Men,Apparel,Topwear,Tshirts,Navy Blue,Summer,2011.0,Casual,Myntra Men's If You Don't Like Navy Blue T-shirt
26163,Men,Apparel,Bottomwear,Trousers,Grey,Summer,2012.0,Formal,John Miller Men Dark Grey Trousers
57100,Women,Apparel,Topwear,Tops,Pink,Summer,2012.0,Casual,Elle Women Dark Pink Top
27879,Women,Apparel,Topwear,Tops,Blue,Summer,2012.0,Casual,Scullers For Her Women Blue Top
43500,Men,Apparel,Topwear,Tshirts,White,Summer,2012.0,Casual,French Connection Men White T-shirt
2627,Women,Footwear,Shoes,Flats,Silver,Fall,2010.0,Casual,Carlton London Women Wedge Silver Sandal
33021,Women,Apparel,Topwear,Kurtas,Cream,Summer,2012.0,Ethnic,Mother Earth Women Printed Cream Kurta
46278,Women,Apparel,Topwear,Tunics,Red,Summer,2012.0,Casual,109F Women Red & White Striped Tunic
36933,Women,Personal Care,Fragrance,Perfume and Body Mist,Purple,Spring,2017.0,Casual,Bulgari Women Omnia Perfume
26993,Women,Apparel,Bottomwear,Jeans,Blue,Summer,2012.0,Casual,Jealous 21 Women Washed Blue Jeans
42846,Women,Accessories,Bags,Handbags,Multi,Summer,2012.0,Casual,French Connection Women Multi Stripe Hand Bag
43735,Women,Accessories,Jewellery,Bangle,Gold,Summer,2012.0,Ethnic,Royal Diadem Set of 2 Golden Bangles
10406,Women,Apparel,Dress,Dresses,Grey,Fall,2011.0,Casual,United Colors of Benetton Women Solid Grey Dresses
23624,Girls,Apparel,Topwear,Tops,White,Fall,2011.0,Casual,Doodle Kids Girls White I love Shopping Top
31785,Women,Apparel,Topwear,Tops,Navy Blue,Summer,2012.0,Casual,Lee Women Katie Navy Blue Top
11971,Men,Footwear,Shoes,Sports Shoes,White,Fall,2011.0,Sports,Fila Men Glow White Sports Shoes
7169,Men,Apparel,Topwear,Shirts,Blue,Fall,2011.0,Casual,Scullers Men Scul Navy Blue Shirt
48320,Women,Accessories,Jewellery,Bracelet,Silver,Winter,2012.0,Casual,Pitaraa Silver Omelette Thin Bracelet
9651,Men,Apparel,Topwear,Shirts,Green,Fall,2011.0,Casual,Indigo Nation Men Checks Green Shirts
59636,Women,Apparel,Saree,Sarees,Sea Green,Fall,2012.0,Ethnic,FNF Sea Green Collection For Wedding Sari
49837,Women,Footwear,Flip Flops,Flip Flops,Blue,Winter,2012.0,Casual,iPanema Women Blue Flip Flops
5265,Unisex,Accessories,Bags,Messenger Bag,Black,Winter,2015.0,Casual,Wildcraft Unisex Black & Red Messenger Bag
34007,Girls,Apparel,Topwear,Tops,Pink,Summer,2012.0,Casual,Gini and Jony Girls Pink Top
47501,Unisex,Footwear,Shoes,Casual Shoes,Red,Fall,2012.0,Casual,Footfun Kids Unisex Red Shoes
30037,Men,Accessories,Watches,Watches,Silver,Winter,2016.0,Casual,SKAGEN DENMARK Men Silver-Toned Dial Watch 233LSS
20893,Men,Footwear,Shoes,Casual Shoes,Black,Fall,2011.0,Casual,Basics Men Black Casual Shoes
57109,Women,Apparel,Topwear,Tunics,Blue,Summer,2012.0,Casual,Elle Women Blue Tunic
12199,Men,Apparel,Topwear,Tshirts,Blue,Summer,2015.0,Casual,Basics Men Blue Polo T-shirt
52823,Women,Accessories,Jewellery,Earrings,Green,Summer,2012.0,Casual,Adrika Green Earrings
29780,Men,Apparel,Bottomwear,Trousers,Black,Summer,2013.0,Casual,Basics Men Black Trousers
48585,Women,Accessories,Jewellery,Bracelet,Silver,Summer,2013.0,Casual,Lucera Women Silver Bracelet
32767,Men,Apparel,Topwear,Shirts,White,Summer,2012.0,Formal,John Miller Men Striped White Shirt
12704,Men,Footwear,Shoes,Sports Shoes,Grey,Fall,2011.0,Sports,Nike Men Air Relentness Grey Sports Shoes
5050,Men,Footwear,Shoes,Casual Shoes,Black,Summer,2011.0,Casual,Fila Men's Passion Black red Canvas Shoe
44377,Men,Personal Care,Fragrance,Deodorant,Grey,Spring,2017.0,Casual,Jovan Men White Musk Deo
55037,Women,Personal Care,Lips,Lipstick,Brown,Spring,2017.0,Casual,Lakme Absolute Matte Bitter Chocolate Lipstick 53
19318,Unisex,Accessories,Bags,Backpacks,Blue,Fall,2011.0,Casual,Nike Unisex Classic Base Blue Backpack
14037,Men,Apparel,Topwear,Shirts,Blue,Winter,2016.0,Casual,Flying Machine Men Check Blue Shirts
59457,Women,Accessories,Jewellery,Ring,Silver,Summer,2015.0,Casual,Lucera Silver Ring
55438,Women,Personal Care,Lips,Lipstick,Pink,Spring,2017.0,Casual,Revlon Mauve Colorburst Lipstick 005
20205,Men,Apparel,Topwear,Sweatshirts,Grey,Fall,2011.0,Casual,Wrangler Men Flock Print Grey Sweatshirt
36360,Men,Accessories,Ties,Ties,Gold,Summer,2012.0,Formal,Reid & Taylor Men Gold Tie
34053,Boys,Apparel,Bottomwear,Capris,Yellow,Summer,2012.0,Casual,Gini and Jony Boys Yellow 3/4 Length Pants
11126,Women,Apparel,Bottomwear,Track Pants,Blue,Fall,2011.0,Sports,Urban Yoga Women Solid Blue Track Pants
37074,Women,Accessories,Bags,Handbags,Black,Summer,2012.0,Casual,Lino Perros Women Black Handbag
12101,Women,Apparel,Topwear,Kurtas,Pink,Fall,2011.0,Ethnic,W Women Printed Pink Kurtas
5493,Men,Apparel,Topwear,Tshirts,Grey,Summer,2011.0,Casual,Mr.Men Men's Cool Soft Grey T-shirt
40119,Women,Apparel,Topwear,Tshirts,Orange,Summer,2012.0,Casual,ADIDAS Women Orange T-shirt
59662,Women,Apparel,Saree,Sarees,Multi,Fall,2012.0,Ethnic,FNF Multi Colour Evening Wear Sari
7134,Men,Apparel,Bottomwear,Track Pants,Navy Blue,Fall,2011.0,Casual,Urban Yoga Men Bottom Navy Yoga Pants
20001,Men,Apparel,Topwear,Tshirts,Green,Summer,2011.0,Casual,United Colors of Benetton Men Printed Green T-shirt
2674,Men,Apparel,Topwear,Tshirts,Black,Summer,2011.0,Casual,Inkfruit Men's State Trance Black T-shirt
29944,Men,Accessories,Watches,Watches,Black,Winter,2016.0,Casual,Police Men Black Dial Watch PL13088JS-02
45234,Men,Accessories,Watches,Watches,Black,Winter,2016.0,Casual,Casio Youth Series Men Analog-Digital Watch AW-80-1AVDFAD84
28061,Men,Apparel,Innerwear,Briefs,Grey Melange,Winter,2016.0,Casual,Jockey ELANCE Men Pack Of Two Grey Briefs 1010
57508,Men,Footwear,Sandal,Sandals,Brown,Summer,2012.0,Casual,Lee Cooper Men Brown Sandals
24832,Unisex,Accessories,Bags,Backpacks,Blue,Winter,2015.0,Casual,Wildcraft Unisex Blue & Black Backpack
59654,Women,Apparel,Saree,Sarees,Purple,Fall,2012.0,Ethnic,FNF Purple Evening Wear Sari
45001,Men,Accessories,Watches,Watches,Grey,Winter,2016.0,Casual,Maxima Men Black Digital Watch
26553,Men,Footwear,Shoes,Casual Shoes,Blue,Fall,2012.0,Casual,ID Men Blue Shoes
2687,Women,Apparel,Topwear,Tshirts,Orange,Summer,2011.0,Casual,Inkfruit Women's Love Wood Orange T-shirt
23677,Men,Footwear,Sandal,Sandals,Brown,Summer,2012.0,Casual,Red Tape Men Cross Band Brown Sandals
36507,Women,Accessories,Bags,Handbags,Grey,Summer,2012.0,Casual,United Colors of Benetton Women Grey Bag
27475,Women,Apparel,Innerwear,Bra,White,Winter,2015.0,Casual,Jockey Women White Essence Bra 2001
32508,Men,Footwear,Sandal,Sandals,Brown,Winter,2015.0,Casual,Franco Leone Men Brown Sandals
59237,Men,Accessories,Watches,Watches,Black,Winter,2016.0,Casual,Titan Men Black Dial Watch
21188,Men,Footwear,Flip Flops,Flip Flops,Black,Summer,2011.0,Casual,ADIDAS Men Adi Stars Tread Black Flip Flops
57108,Women,Apparel,Topwear,Tops,White,Summer,2012.0,Casual,Elle Women White Top
3399,Women,Accessories,Bags,Handbags,Yellow,Winter,2015.0,Casual,Murcia Women Yellow Handbag
16960,Men,Accessories,Eyewear,Sunglasses,Black,Winter,2016.0,Casual,Image Men Classic Eyewear Black Sunglasses
45861,Women,Apparel,Topwear,Kurtas,Maroon,Summer,2012.0,Ethnic,Vishudh Women Maroon Kurta
10409,Men,Apparel,Topwear,Tshirts,Green,Fall,2011.0,Casual,United Colors of Benetton Men Green Polo Tshirts
48789,Women,Accessories,Jewellery,Pendant,Silver,Summer,2015.0,Casual,Lucera Women Silver Pendant
41260,Men,Accessories,Wallets,Wallets,Brown,Summer,2012.0,Casual,Arrow Men Brown Wallet
46879,Men,Accessories,Socks,Socks,Green,Summer,2012.0,Casual,Lino Perros Men Pack of 2 Socks
34465,Unisex,Accessories,Bags,Backpacks,Black,Summer,2010.0,Casual,ADIDAS Unisex Black BP Tone Backpack
13849,Men,Apparel,Topwear,Shirts,White,Fall,2011.0,Casual,Indigo Nation Men Check White Shirts
32766,Men,Apparel,Topwear,Shirts,White,Summer,2012.0,Formal,John Miller Men Striped White Shirt
26968,Women,Apparel,Topwear,Tops,Purple,Summer,2012.0,Casual,Jealous 21 Women Check Purple Top
3352,Men,Apparel,Topwear,Tshirts,Yellow,Summer,2011.0,Casual,Myntra Men's I Am Not Lazy Yellow T-shirt
26530,Men,Footwear,Shoes,Casual Shoes,Purple,Spring,2013.0,Casual,Gas Men Aishley Greyish Purple Casual Shoes
56029,Women,Personal Care,Lips,Lipstick,Maroon,Spring,2017.0,Casual,Colorbar Soft Touch Coral Crush Lipstick 022
39184,Women,Apparel,Topwear,Kurtas,Multi,Summer,2012.0,Ethnic,Aneri Women Multi Coloured Kurta
49697,Men,Accessories,Ties,Ties,Red,Summer,2012.0,Casual,Park Avenue Men Red Tie
2628,Women,Footwear,Shoes,Flats,Gold,Fall,2010.0,Casual,Carlton London Women Four Strapped Gold Sandal
56640,Women,Apparel,Topwear,Tunics,Blue,Summer,2012.0,Casual,Mumbai Slang Women Multi Coloured Tunic
21376,Men,Apparel,Topwear,Tshirts,Green,Fall,2011.0,Casual,Manchester United Men Printed Green T-shirt
53590,Women,Accessories,Watches,Watches,White,Winter,2016.0,Casual,Q&Q Women White Dial Watch
14065,Men,Apparel,Topwear,Tshirts,White,Fall,2011.0,Casual,Flying Machine Men Stripes White Polo Tshirts
43154,Women,Accessories,Watches,Watches,Purple,Winter,2016.0,Casual,Fastrack Women Purple Dial Watch
48125,Women,Accessories,Belts,Belts,Multi,Summer,2012.0,Casual,Fossil Women Multi Coloured Ombre Braid Belt
6275,Women,Apparel,Topwear,Tshirts,Pink,Summer,2011.0,Casual,UCB Women's Crystal Benetton Pink T-shirt
47536,Women,Footwear,Shoes,Flats,Black,Winter,2012.0,Casual,Portia Women Black Flats
56444,Women,Personal Care,Nails,Nail Polish,Red,Spring,2017.0,Casual,Streetwear Shine Divine Cherry Divine Nail Enamel 16
42276,Men,Footwear,Shoes,Casual Shoes,Navy Blue,Summer,2012.0,Casual,Vans Men Navy Blue Michoacan Shoes
23241,Women,Apparel,Topwear,Kurtis,Blue,Fall,2011.0,Ethnic,Aneri Women Juhi Blue Kurti
57768,Women,Personal Care,Skin,Mask and Peel,White,Spring,2017.0,,Lotus Herbals Tea Tree Clarifying Face Pack
49494,Men,Footwear,Shoes,Casual Shoes,Navy Blue,Summer,2012.0,Casual,Vans Men Navy Blue Shoes
50324,Women,Apparel,Topwear,Kurtas,Peach,Summer,2012.0,Ethnic,Aurelia Women Peach Kurta
25145,Women,Accessories,Bags,Handbags,Beige,Winter,2015.0,Casual,Lino Perros Women Beige Handbag
51692,Men,Accessories,Eyewear,Sunglasses,Grey,Winter,2016.0,Casual,Louis Philippe Men Oversized Sunglasses LP226-C1
7730,Men,Footwear,Sandal,Sandals,Black,Fall,2011.0,Casual,Puma Men Apex Black Olive Sandal
53131,Women,Footwear,Shoes,Heels,Gold,Winter,2015.0,Casual,Catwalk Women Gold Toned & Brown Flats
53303,Men,Apparel,Topwear,Tshirts,Red,Summer,2012.0,Casual,Locomotive Men Red T-shirt
55490,Women,Personal Care,Lips,Lip Gloss,Rose,Spring,2017.0,Casual,Revlon Rose Gold Colorburst Lip Gloss 026
4327,Unisex,Apparel,Topwear,Tshirts,Blue,Summer,2011.0,Casual,Tantra Kid's Unisex Cute Mom Turqoise Kidswear
18296,Women,Apparel,Topwear,Kurtas,Pink,Fall,2011.0,Ethnic,Aneri Women Ekta Pink Kurta
21770,Men,Accessories,Belts,Belts,Black,Fall,2011.0,Casual,Fossil Men Kyle Black Belt
35142,Women,Accessories,Bags,Handbags,Black,Summer,2012.0,Casual,Allen Solly Woman Black Clutch
39549,Women,Accessories,Bags,Handbags,Green,Summer,2012.0,Casual,Hidekraft Women Green Handbag
11111,Men,Apparel,Topwear,Shirts,White,Fall,2011.0,Formal,Indigo Nation Men Check White Shirts
58926,Women,Accessories,Bags,Handbags,Multi,Summer,2012.0,Casual,Ivory Tag Multi Coloured Vintage Patched Handbag
48343,Women,Accessories,Jewellery,Necklace and Chains,Gold,Fall,2012.0,Casual,Pitaraa Golden Fish Scale Necklace
9064,Men,Apparel,Topwear,Shirts,Blue,Fall,2011.0,Formal,Mark Taylor Men Blue Striped Shirt
27028,Women,Apparel,Bottomwear,Capris,Blue,Summer,2012.0,Casual,Jealous 21 Women Blue Capris
7593,Men,Footwear,Shoes,Sports Shoes,White,Summer,2011.0,Sports,Nike Men Zoom Vapor 8 White Red Shoe
46016,Women,Apparel,Topwear,Kurtas,White,Summer,2012.0,Ethnic,Fabindia Women White Printed Kurta
8977,Women,Footwear,Shoes,Casual Shoes,Black,Fall,2011.0,Casual,Puma Women Saba Ballet DC3 Black Casual Shoes
26597,Men,Footwear,Shoes,Sports Shoes,Black,Summer,2012.0,Sports,Puma Men Faas 300 Black Sports Shoes
48523,Women,Apparel,Dress,Jumpsuit,Magenta,Winter,2011.0,Casual,French Connection Women Magenta Playsuit
52871,Women,Personal Care,Fragrance,Deodorant,Blue,Spring,2017.0,Casual,F5 Women Pack of 3 Deos
22554,Unisex,Personal Care,Fragrance,Deodorant,Silver,Spring,2017.0,Casual,Reebok Unisex Reekick Deo
4775,Women,Apparel,Bottomwear,Track Pants,Black,Summer,2011.0,Sports,ADIDAS Women 3S Black Track Pants
54520,Men,Footwear,Shoes,Casual Shoes,White,Fall,2012.0,Casual,F Sports Men White Vito Shoes
3306,Men,Footwear,Shoes,Sports Shoes,White,Spring,2011.0,Sports,Asics Men's Gel Phoenix 3 Running White Black Shoe
42213,Women,Apparel,Topwear,Tops,Orange,Summer,2012.0,Casual,Sepia Women Orange Top
39781,Men,Apparel,Topwear,Shirts,White,Summer,2012.0,Formal,Peter England Men Striped White Formal Shirt
38237,Unisex,Accessories,Eyewear,Sunglasses,Brown,Winter,2016.0,Casual,Polaroid Unisex Sunglasses
6821,Men,Footwear,Sandal,Sandals,Brown,Summer,2011.0,Casual,Timberland Men City Brown Floater
53822,Women,Apparel,Topwear,Tunics,Black,Fall,2012.0,Casual,Ayaanay_Women_New_2013_Tunics_Size_Chart.jpg
11294,Men,Apparel,Bottomwear,Jeans,Blue,Spring,2013.0,Casual,Wrangler Men Blue Floyd Jeans
35465,Men,Footwear,Shoes,Casual Shoes,Blue,Fall,2012.0,Casual,Franco Leone Men Blue Shoes
47045,Women,Apparel,Bottomwear,Salwar,Green,Summer,2012.0,Ethnic,Shree Women Green & Purple Jodhpuri Salwar
5721,Men,Apparel,Topwear,Tshirts,Blue,Summer,2011.0,Casual,Basics Men Blue & White Striped Polo T-shirt
33766,Men,Footwear,Shoes,Casual Shoes,Blue,Summer,2012.0,Casual,ADIDAS Neo Men Court Evo Blue Shoes
25603,Men,Accessories,Watches,Watches,Black,Winter,2016.0,Casual,Fastrack Men Black Casual Watch
22846,Men,Footwear,Shoes,Casual Shoes,Khaki,Summer,2012.0,Casual,Woodland Men Khaki Casual Shoes
3889,Men,Apparel,Topwear,Tshirts,Red,Summer,2011.0,Casual,Wrangler Men's Racing Big Print Red T-shirt
13366,Women,Footwear,Shoes,Casual Shoes,Brown,Fall,2011.0,Casual,Timberland Women Femmes Brown Casual Shoes
26075,Men,Apparel,Topwear,Shirts,Blue,Summer,2012.0,Formal,John Miller Men Striped Blue Shirt
24948,Women,Apparel,Topwear,Tshirts,Black,Summer,2012.0,Casual,United Colors of Benetton Women Black T-shirt
26088,Men,Apparel,Topwear,Shirts,Purple,Summer,2012.0,Formal,John Miller Men Striped Purple Shirt
38380,Men,Accessories,Belts,Belts,Black,Summer,2012.0,Casual,Peter England Men Black Belt
13995,Women,Apparel,Topwear,Jackets,Blue,Fall,2011.0,Sports,Nike Women Solid Blue Jackets
35692,Men,Footwear,Shoes,Casual Shoes,White,Summer,2012.0,Casual,U.S. Polo Assn. Men White Shoes
27733,Women,Accessories,Bags,Handbags,Grey,Winter,2015.0,Casual,Murcia Women Grey Handbag
55783,Men,Footwear,Shoes,Casual Shoes,Brown,Fall,2013.0,Casual,Converse Men Brown Casual Shoes
20186,Men,Apparel,Topwear,Shirts,Blue,Fall,2011.0,Casual,Wrangler Men Tony Check Blue Shirt
6159,Men,Apparel,Topwear,Tshirts,Black,Summer,2011.0,Casual,Lee Men's Slash Black T-shirt
58262,Women,Accessories,Bags,Clutches,Bronze,Summer,2012.0,Casual,Baggit Women Bronze Clutch
6991,Men,Apparel,Topwear,Tshirts,White,Summer,2011.0,Casual,s.Oliver Men's Polo Grey Collar White T-shirt
48209,Men,Accessories,Eyewear,Sunglasses,Black,Winter,2016.0,Casual,United Colors of Benetton Men Black Sunglasses
57685,Women,Personal Care,Bath and Body,Body Lotion,Yellow,Spring,2017.0,,Lotus Herbals Almond Nourish Body Lotion with SPF 20
22074,Women,Apparel,Topwear,Kurtas,Black,Fall,2011.0,Ethnic,Vishudh Women Printed Black Kurta
12285,Men,Apparel,Bottomwear,Trousers,Black,Fall,2011.0,Formal,Genesis Men Solid Black Trousers
5585,Men,Footwear,Shoes,Sports Shoes,White,Summer,2011.0,Sports,ADIDAS Men's Barricade 6.0 White Grey Shoe
12017,Men,Apparel,Topwear,Shirts,Purple,Fall,2011.0,Formal,Mark Taylor Men Purple White Striped Shirts
23334,Women,Apparel,Topwear,Tunics,Maroon,Fall,2011.0,Ethnic,W Women Maroon Printed Tunic
46565,Men,Accessories,Watches,Watches,White,Winter,2016.0,Casual,Timex Expedition Men White Dial Watch T49824
22020,Women,Apparel,Topwear,Kurtas,Green,Fall,2011.0,Ethnic,Vishudh Women Printed Green Kurta
57625,Unisex,Personal Care,Skin Care,Sunscreen,Orange,Spring,2017.0,Casual,Lotus Herbals Kids Sun Block Cream
44656,Women,Apparel,Topwear,Shirts,Blue,Winter,2012.0,Casual,Lee Women Blue Shirt
58494,Women,Apparel,Dress,Dresses,Purple,Fall,2012.0,Casual,Tonga Women Purple Dress
6931,Men,Apparel,Topwear,Tshirts,Red,Summer,2011.0,Casual,s.Oliver Men's Eastern State University Red T-shirt
47018,Women,Apparel,Topwear,Kurtas,Mustard,Summer,2012.0,Ethnic,Shree Women Mustard & Black Kurta
58004,Women,Apparel,Topwear,Tops,Pink,Fall,2012.0,Casual,Latin Quarters Women Pink & Black Top
14313,Men,Apparel,Topwear,Tshirts,Blue,Fall,2011.0,Sports,ADIDAS Men Solid Blue Jerseys
44007,Men,Personal Care,Fragrance,Deodorant,Gold,Spring,2017.0,Casual,Police Men Gold Wings Deo
35632,Men,Footwear,Flip Flops,Flip Flops,Black,Fall,2015.0,Casual,Gliders by Liberty Men Red & Black Econew Flip-Flops
40008,Men,Accessories,Eyewear,Sunglasses,Blue,Winter,2016.0,Casual,Park Avenue Men Blue Frame Sunglasses
16016,Men,Accessories,Scarves,Scarves,White,Fall,2011.0,Casual,Turtle Check Men White Scarf
25462,Men,Footwear,Shoes,Sports Shoes,White,Summer,2012.0,Sports,Nike Men Dart 9 MSL White Sports Shoes
53416,Women,Apparel,Topwear,Kurtas,Navy Blue,Fall,2012.0,Ethnic,Alma Women Navy Blue Printed Kurta
12214,Men,Apparel,Bottomwear,Trousers,Black,Fall,2011.0,Formal,Basics Men Black Trousers
58035,Women,Accessories,Jewellery,Earrings,Silver,Winter,2012.0,Casual,Rreverie Women Silver Earrings
48405,Men,Apparel,Topwear,Tshirts,Grey,Summer,2012.0,Casual,French Connection Men Grey Printed T-shirt
53429,Women,Apparel,Topwear,Kurtas,Red,Fall,2012.0,Ethnic,Alma Women Red Printed Kurta
27590,Men,Apparel,Topwear,Tshirts,Blue,Summer,2012.0,Casual,Scullers Men White & Blue T-shirt
4461,Men,Apparel,Topwear,Jackets,Black,Summer,2011.0,Sports,Nike Men Manu Show Time Black Jacket
9970,Men,Apparel,Topwear,Sweatshirts,Black,Fall,2011.0,Sports,Nike Men As Squad Ft C Black Sweatshirts
2306,Women,Apparel,Bottomwear,Capris,Black,Fall,2010.0,Sports,Nike Women Cuffed Black Capris
29297,Women,Apparel,Topwear,Tshirts,Black,Summer,2012.0,Casual,Wrangler Women Birdy Tee Black T-shirt
25439,Men,Accessories,Wallets,Wallets,Brown,Summer,2012.0,Casual,Lee Men Fashion Brown Wallet
14970,Men,Accessories,Wallets,Wallets,Black,Fall,2011.0,Formal,Newhide Authentic Wallet
37598,Boys,Apparel,Topwear,Tshirts,Blue,Summer,2012.0,Casual,Madagascar3 Boys Blue Printed T-Shirt
23508,Unisex,Accessories,Watches,Watches,Black,Winter,2016.0,Casual,ADIDAS Unisex Black Dial Watch
13500,Men,Apparel,Topwear,Tshirts,Grey,Fall,2011.0,Casual,Chimp Men VVVIP Grey T-shirts
57442,Women,Apparel,Topwear,Tshirts,Pink,Summer,2012.0,Casual,Angry Birds Women Pink T-shirt
58638,Men,Accessories,Socks,Socks,Grey,Summer,2013.0,Casual,Fila Men Grey Ankle Socks
49920,Women,Apparel,Saree,Sarees,Green,Fall,2012.0,Ethnic,Fabindia Green Tie & Dye Ghicha Striped Saree
24520,Women,Apparel,Topwear,Kurtas,Orange,Fall,2011.0,Ethnic,Mother Earth Women Orange  Kurta
17154,Men,Apparel,Topwear,Jackets,Navy Blue,Winter,2016.0,Casual,U.S. Polo Assn. Men Solid Navy Blue Jacket
6399,Men,Footwear,Sandal,Sandals,Black,Summer,2011.0,Casual,Lotto Men Rebel Black Grey Floater
27369,Men,Apparel,Topwear,Tshirts,Blue,Fall,2011.0,Casual,Tantra Men Hippy Blue T-shirt
31233,Men,Apparel,Topwear,Tshirts,White,Summer,2012.0,Casual,Puma Men Navy Blue and White Striped Polo neck T-shirt
46153,Women,Accessories,Jewellery,Necklace and Chains,Brown,Winter,2015.0,Ethnic,Adrika Brown Necklace
11062,Men,Apparel,Topwear,Shirts,Maroon,Fall,2011.0,Casual,John Miller Men Solid Light Maroon Shirts
34325,Men,Apparel,Topwear,Tshirts,Red,Summer,2012.0,Casual,Myntra Men Street Moving Fusion Red T-shirt
9545,Men,Apparel,Topwear,Tshirts,Grey,Summer,2011.0,Sports,Nike Men Grey T-shirt
29231,Women,Footwear,Shoes,Flats,Black,Summer,2012.0,Casual,Puma Women Black Grace Flats
28125,Men,Apparel,Innerwear,Briefs,Black,Summer,2016.0,Casual,Jockey MODERN CLASSIC Men Black Brief 8035
8463,Women,Apparel,Topwear,Tops,Pink,Fall,2011.0,Casual,Jealous 21 Women Jealous Paiva Pink Tops
15400,Men,Footwear,Shoes,Sports Shoes,White,Fall,2011.0,Sports,FILA Men FILA Runner White Sports Shoes
11054,Men,Apparel,Topwear,Shirts,Blue,Fall,2011.0,Casual,Scullers Men Check Blue Shirts
14526,Men,Apparel,Topwear,Shirts,Blue,Fall,2011.0,Formal,Mark Taylor Men Aqua Blue & White Grey Striped Shirt
25857,Men,Footwear,Shoes,Casual Shoes,Black,Summer,2012.0,Casual,Skechers Men Black Casual Shoes
38182,Women,Accessories,Eyewear,Sunglasses,Black,Winter,2016.0,Casual,Miami Blues Women Sunglasses
54834,Women,Accessories,Bags,Handbags,Brown,Summer,2012.0,Casual,Ivory Tag Dazzling Rossete Brown Sling Bag
9770,Men,Apparel,Bottomwear,Tracksuits,Black,Fall,2011.0,Casual,ADIDAS Men Ess 3s Suit Black Tracksuits
25602,Women,Apparel,Apparel Set,Kurta Sets,Green,Fall,2011.0,Ethnic,Vishudh Women Green & Purple Churidar Kurta with Dupatta
16420,Men,Apparel,Topwear,Tshirts,White,Fall,2011.0,Casual,Levi's Men Stripes White Tshirts
8669,Unisex,Accessories,Eyewear,Sunglasses,Green,Winter,2016.0,Casual,Fastrack Unisex Green Sunglasses
51777,Women,Apparel,Innerwear,Bra,Blue,Summer,2016.0,Casual,Bwitch Blue Bra
26625,Men,Footwear,Sandal,Sports Sandals,Black,Winter,2012.0,Casual,Puma Men Black Jiff II Ind Sports Sandals
23165,Men,Apparel,Topwear,Tshirts,Black,Fall,2011.0,Casual,Mark Taylor Men Black Printed T-shirt
56136,Women,Personal Care,Makeup,Eyeshadow,Blue,Spring,2017.0,Casual,Colorbar Aquamarine Eye Shadow 007
54661,Women,Accessories,Watches,Watches,Red,Winter,2016.0,Casual,Fastrack Women White Dial Watch
5122,Women,Apparel,Topwear,Tshirts,Peach,Summer,2011.0,Casual,Wrangler Women's Striped Peach T-shirt
53622,Men,Accessories,Watches,Watches,Black,Winter,2016.0,Casual,Q&Q Men Black Watch
6308,Women,Footwear,Shoes,Heels,White,Winter,2015.0,Casual,Catwalk White footwear Flats
59571,Men,Accessories,Cufflinks,Cufflinks,Steel,Summer,2012.0,Casual,Revv Men Purple Cufflinks
28986,Women,Apparel,Apparel Set,Kurta Sets,Orange,Summer,2012.0,Ethnic,Biba Outlet Women Orange & White Printed Churidar Kurta with Dupatta
41770,Women,Apparel,Dress,Dresses,Pink,Summer,2012.0,Casual,Remanika Women Printed Pink Dress
29057,Men,Apparel,Bottomwear,Tracksuits,Black,Summer,2012.0,Sports,ADIDAS Men Black Tracksuit
35098,Women,Accessories,Stoles,Stoles,Orange,Spring,2013.0,Casual,Allen Solly Women Coral Stole
23564,Women,Personal Care,Fragrance,Deodorant,Pink,Spring,2017.0,Casual,Hugo Boss Women Femme Deo
3446,Men,Apparel,Topwear,Tshirts,Black,Summer,2011.0,Sports,Pune Warriors Mens Match Jersey
7220,Men,Footwear,Shoes,Formal Shoes,Brown,Fall,2011.0,Formal,Rockport Men's Mubleno Distressed Brown Shoe
55173,Women,Personal Care,Nails,Nail Polish,Red,Spring,2017.0,Casual,Lakme Absolute Fast & Fabulous Crimson Fire Nail Polish 24
27761,Men,Accessories,Wallets,Wallets,Black,Winter,2015.0,Casual,Bulchee Men Black Wallet
17590,Unisex,Accessories,Eyewear,Sunglasses,Black,Summer,2017.0,Sports,Speedo Unisex Funky Eyewear Black Sunglasses
51143,Men,Accessories,Socks,Socks,White,Summer,2016.0,Casual,Parx Men White Socks
4032,Men,Apparel,Topwear,Tshirts,Black,Summer,2011.0,Casual,Myntra Men's I'd Love To Help You Out Black T-shirt
32849,Women,Footwear,Shoes,Heels,Brown,Winter,2012.0,Casual,Grendha Women Roamance Brown Flats
40455,Men,Footwear,Shoes,Casual Shoes,Black,Winter,2018.0,Casual,Red Tape Men Black Shoes
12472,Men,Footwear,Shoes,Formal Shoes,Black,Fall,2012.0,Formal,Clarks Men Leather Black Formal Shoes
27795,Men,Accessories,Wallets,Wallets,Brown,Winter,2015.0,Casual,Bulchee Men Brown Wallet
58495,Women,Apparel,Topwear,Tops,White,Summer,2012.0,Casual,Tonga Women Printed White Top
7008,Men,Apparel,Topwear,Tshirts,Green,Summer,2011.0,Casual,Classic Polo Men's Green Red Stripe T-shirt
33515,Women,Footwear,Shoes,Heels,Tan,Summer,2016.0,Casual,Cobblerz Women Tan Brown Pumps
34398,Men,Apparel,Topwear,Tshirts,Black,Summer,2012.0,Casual,Myntra Men Rider Black T-shirt
32434,Men,Apparel,Topwear,Tshirts,Navy Blue,Summer,2012.0,Sports,ADIDAS Men Navy Blue Polo T-shirt
6740,Women,Footwear,Shoes,Sports Shoes,Grey,Summer,2011.0,Sports,Nike Women Air Pegasus+ 28 Grey White Pink Shoe
17317,Men,Accessories,Eyewear,Sunglasses,Brown,Winter,2016.0,Casual,Pepe Jeans Men Casual Sunglasses
20595,Women,Accessories,Wallets,Wallets,Brown,Winter,2015.0,Casual,Baggit Women Lallu Jhuti Brown Wallet
7666,Men,Apparel,Topwear,Tshirts,Blue,Fall,2011.0,Sports,Puma Men's Silly Point Blue T-shirt
43457,Women,Apparel,Topwear,Kurtis,Blue,Summer,2012.0,Ethnic,Global Desi Women Blue Tunic
44811,Women,Apparel,Topwear,Tops,Pink,Summer,2012.0,Casual,Spykar Women Pink Top
30731,Girls,Apparel,Bottomwear,Salwar,Magenta,Summer,2012.0,Ethnic,Fabindia Girls Printed Magenta Salwar
4445,Men,Footwear,Shoes,Sports Shoes,Black,Summer,2011.0,Sports,Nike Men's Dual Fusion Black Red Shoe
51150,Men,Accessories,Socks,Socks,Black,Summer,2016.0,Casual,Parx Men Black Socks
36056,Unisex,Accessories,Bags,Messenger Bag,Mustard,Summer,2015.0,Casual,OTLS Unisex Mustard Brown Messenger Bag
33524,Women,Footwear,Shoes,Casual Shoes,Red,Summer,2016.0,Casual,Cobblerz Women Red Shoes
33140,Boys,Apparel,Topwear,Tshirts,Navy Blue,Summer,2012.0,Casual,Gini and Jony Boys Printed Navy Blue T-shirt
32862,Unisex,Accessories,Bags,Backpacks,Grey,Summer,2012.0,Casual,Wildcraft Unisex Grey & Pink Backpack
14557,Men,Footwear,Shoes,Casual Shoes,Black,Fall,2011.0,Casual,Vans Men Chukka Low Black Casual Shoes
16200,Men,Apparel,Topwear,Tshirts,Grey,Fall,2011.0,Casual,Puma Men Polo Grey TShirt
11673,Men,Apparel,Topwear,Shirts,Red,Fall,2011.0,Casual,Lee Men Red Check Shirt
17570,Men,Apparel,Topwear,Shirts,Green,Fall,2011.0,Formal,Mark Taylor Men Green & White Striped Shirt
4670,Unisex,Accessories,Bags,Backpacks,Navy Blue,Summer,2011.0,Sports,ADIDAS BP 3S Dark Navy Black Unisex Backpack
51701,Unisex,Accessories,Eyewear,Sunglasses,Purple,Winter,2016.0,Casual,Van Heusen Unisex Purple Sunglasses
56584,Women,Personal Care,Makeup,Highlighter and Blush,Skin,Spring,2017.0,Casual,Streetwear Crystal Ivory Shine Face Brightener
22637,Boys,Apparel,Topwear,Tshirts,Black,Fall,2011.0,Casual,Nike Kids Boys Printed Black T-shirt
47092,Boys,Footwear,Shoes,Casual Shoes,Blue,Winter,2012.0,Casual,Marvel Boys Blue Shoes
10533,Men,Footwear,Shoes,Sports Shoes,Black,Fall,2011.0,Sports,New Balance MW631 Men Others Walking Black Sports Shoes
23147,Women,Apparel,Topwear,Sweatshirts,Black,Fall,2011.0,Casual,Quechua Women Fleece Black Sweatshirt
32032,Men,Accessories,Socks,Socks,Grey,Summer,2016.0,Casual,Playboy Men Pack of 3 Ankle-Length Socks
35025,Women,Accessories,Stoles,Stoles,Mustard,Summer,2012.0,Casual,Fabindia Women Mustard Chanderi Hand Printed Stole
4411,Men,Apparel,Topwear,Tshirts,Grey,Summer,2011.0,Casual,Beatles Men's The Beatles Brick Road Grey Violet T-shirt
5361,Men,Footwear,Shoes,Sports Shoes,Black,,2011.0,Sports,Kipsta F300 Fg Sr Ah09
9103,Men,Footwear,Flip Flops,Flip Flops,Tan,Fall,2011.0,Casual,Provogue Men Ean Tan Flip Flops
45963,Women,Apparel,Topwear,Tops,Pink,Summer,2012.0,Casual,Tokyo Talkies Women Light Pink Printed Top
41739,Women,Footwear,Shoes,Heels,Silver,Winter,2012.0,Casual,Catwalk Women Silver Heels
34558,Women,Accessories,Bags,Handbags,Black,Summer,2012.0,Casual,Puma Women Fitness Black Handbag
47265,Men,Apparel,Innerwear,Briefs,Black,Summer,2016.0,Casual,FCUK Underwear Men Black Striped Brief
10730,Women,Accessories,Bags,Handbags,Grey,Winter,2015.0,Casual,Murcia Women Lorra Grey Grey Handbags
25047,Men,Accessories,Accessories,Accessory Gift Set,Blue,Winter,2015.0,Formal,Lino Perros Men Formal Blue Accessory Gift Set
25275,Women,Accessories,Bags,Handbags,Red,Summer,2012.0,Casual,Lino Perros Women Leatherette Red Handbag
46515,Men,Accessories,Watches,Watches,Purple,Winter,2016.0,Casual,Timex Men Purple Dial Watch T23222
43631,Women,Apparel,Topwear,Shirts,Green,Summer,2012.0,Casual,Vero Moda Women Green Shirt
25423,Men,Footwear,Shoes,Sports Shoes,Black,Summer,2012.0,Sports,Nike Men Air Profusion Black Sports Shoes
36034,Men,Accessories,Belts,Belts,Brown,Summer,2015.0,Casual,OTLS Men Brown & Black Reversible Leather Belt
35810,Women,Footwear,Shoes,Heels,Bronze,Summer,2012.0,Casual,Enroute Women Bronze Flats
11629,Women,Apparel,Topwear,Kurtas,White,Summer,2011.0,Ethnic,W Women Stripe White Kurtas
15289,Women,Footwear,Shoes,Sports Shoes,Silver,Fall,2011.0,Sports,FILA Women DLS Spry Silver Sports Shoes
57458,Women,Accessories,Bags,Clutches,Pink,Summer,2012.0,Casual,Pitaraa Women Pink Clutch
2347,Men,Apparel,Topwear,Tshirts,White,Fall,2010.0,Casual,Reebok Men White Contrasts T-shirt
42146,Women,Footwear,Shoes,Casual Shoes,White,Summer,2012.0,Casual,Nike Women White Sweet Classic Leather Shoes
25888,Unisex,Accessories,Bags,Backpacks,Blue,Winter,2015.0,Casual,American Tourister Unisex Casual Blue Bag
24730,Women,Apparel,Topwear,Tshirts,White,Fall,2011.0,Casual,United Colors of Benetton Women White Printed T-shirt
55595,Men,Apparel,Topwear,Shirts,White,Summer,2012.0,Casual,Peter England Men Brown Check Shirt
39612,Women,Footwear,Shoes,Heels,Silver,Winter,2015.0,Casual,Catwalk Women Silver Heels
13179,Men,Footwear,Shoes,Sports Shoes,Black,Fall,2011.0,Sports,FILA Men Dls Maxim Black Sports Shoes
19685,Women,Apparel,Topwear,Tops,Grey,Fall,2011.0,Casual,United Colors of Benetton Women Printed Grey Top
35048,Women,Apparel,Topwear,Kurtas,Green,Summer,2012.0,Ethnic,Fabindia Women Silk Green Kurta
17318,Women,Accessories,Eyewear,Sunglasses,Black,Winter,2016.0,Casual,Pepe Jeans Women Casual Sunglasses
32609,Men,Accessories,Wallets,Wallets,Brown,Spring,2013.0,,Levitate Men Brown Wallet
58222,Women,Apparel,Bottomwear,Jeans,Blue,Summer,2012.0,Casual,Vero Moda Women Blue Denim Jeans
43493,Men,Apparel,Topwear,Tshirts,Green,Summer,2012.0,Casual,French Connection Men Green T-shirt
4215,Girls,Apparel,Topwear,Tshirts,White,Summer,2011.0,Casual,Disney Kids Girl's White Fun In The Fair Kidswear
20909,Women,Footwear,Shoes,Heels,Bronze,Winter,2015.0,Casual,Catwalk Women Casual Bronze Heels
43467,Women,Apparel,Loungewear and Nightwear,Night suits,Blue,Summer,2017.0,Casual,SDL by Sweet Dreams Women Blue Night suits
31047,Men,Apparel,Topwear,Shirts,Blue,Winter,2012.0,Casual,Arrow Sport Men Blue Striped Shirt
25827,Women,Apparel,Topwear,Kurtas,Silver,Summer,2012.0,Ethnic,Diva Women Printed Beige Kurta
28704,Women,Apparel,Topwear,Kurtas,Lavender,Summer,2012.0,Ethnic,W Women Printed Lavender Kurta
47239,Men,Footwear,Shoes,Casual Shoes,Red,Summer,2012.0,Casual,Playboy Men Red Shoes
36265,Women,Apparel,Loungewear and Nightwear,Night suits,Blue,Summer,2017.0,Casual,SDL by Sweet Dreams Women Blue Playsuit
44221,Men,Apparel,Topwear,Tshirts,White,Summer,2012.0,Casual,Nike Men White Ronaldo Football T-shirt
6777,Men,Apparel,Topwear,Shirts,Brown,Summer,2011.0,Casual,Timberland Men Claremont Popl Brown Shirt
23743,Women,Accessories,Eyewear,Sunglasses,Brown,Winter,2016.0,Casual,Ray-Ban Women Highstreet Sunglasses
12838,Unisex,Apparel,Topwear,Tshirts,White,Fall,2011.0,Casual,Ant Unisex Bebo White Tshirts
40688,Men,Footwear,Shoes,Formal Shoes,Black,Summer,2012.0,Formal,Numero Uno Men Black Formal Shoes
54618,Men,Apparel,Innerwear,Briefs,Grey,Summer,2016.0,Casual,Jockey MC Men Grey Rio Brief 8033
6587,Men,Apparel,Topwear,Tshirts,Black,Winter,2011.0,Casual,Inkfruit Men's Rock The Cure Black T-shirt
5766,Women,Apparel,Bottomwear,Jeans,Black,Summer,2011.0,Casual,Jealous 21 Women Black Jegging
15673,Men,Apparel,Bottomwear,Jeans,Blue,Fall,2011.0,Casual,Highlander Men High Original Blue Jeans
20594,Women,Accessories,Wallets,Wallets,Purple,Winter,2015.0,Casual,Baggit Women Kungfu Baby Purple Wallet
33987,Women,Accessories,Scarves,Scarves,Purple,Summer,2012.0,Casual,Femella Women Check Purple Scarf
19240,Men,Apparel,Bottomwear,Shorts,Blue,Summer,2011.0,Casual,Puma Men Dazzle Blue Shorts
22459,Women,Apparel,Bottomwear,Leggings,Purple,Fall,2011.0,Casual,Myntra Women Purple Leggings
21673,Men,Accessories,Watches,Watches,Silver,Winter,2016.0,Casual,Fossil Men Silver-Toned Chronograph Watch CH2646
51160,Men,Accessories,Socks,Socks,Black,Summer,2016.0,Casual,Raymond Men Black Socks
44210,Women,Footwear,Flip Flops,Flip Flops,Purple,Winter,2012.0,Casual,iPanema Women Purple Flip Flops
4879,Men,Apparel,Topwear,Tshirts,White,Summer,2016.0,Casual,Levis Kids Boy's Devon White Kidswear
8688,Men,Accessories,Eyewear,Sunglasses,Black,Winter,2016.0,Casual,Fastrack Men Basics Black Sunglasses
48825,Women,Accessories,Jewellery,Pendant,Silver,Summer,2015.0,Casual,Lucera Women Silver Pendant
18756,Women,Apparel,Topwear,Shirts,Blue,Fall,2011.0,Casual,Arrow Woman Kiro Blue Shirt
11845,Men,Footwear,Flip Flops,Flip Flops,Brown,Summer,2012.0,Casual,Playboy Men Brown Flip Flops
25842,Women,Apparel,Topwear,Kurtas,Multi,Summer,2012.0,Ethnic,Diva Women Printed Multi Coloured Kurta
57208,Women,Apparel,Bottomwear,Jeggings,Blue,Fall,2012.0,Casual,Kraus Jeans Women Blue Jeggings
11041,Men,Apparel,Topwear,Shirts,Purple,Fall,2011.0,Casual,Scullers Men Purple Check Shirt
19822,Men,Apparel,Topwear,Sweaters,Charcoal,Fall,2011.0,Casual,U.S. Polo Assn. Men Solid Charcoal Sweater
25610,Women,Accessories,Watches,Watches,Black,Winter,2016.0,Casual,Fastrack Women Black & White Dial Watch N2161SL09
19648,Women,Apparel,Topwear,Tops,Brown,Fall,2011.0,Casual,United Colors of Benetton Women Solid Light Brown Top
46184,Women,Accessories,Jewellery,Jewellery Set,Green,Winter,2015.0,Casual,Adrika Green Teracotta  Jewellery Set
32839,Women,Footwear,Shoes,Heels,Brown,Winter,2012.0,Casual,Grendha Women Jola Cigana Brown Flats
56540,Women,Personal Care,Lips,Lipstick,Brown,Spring,2017.0,Casual,Streetwear Satin Smooth Candy Treat Lipcolor 17
8476,Women,Apparel,Topwear,Tops,Pink,Fall,2011.0,Casual,Scullers For Her Women Pink Check Top Pink Tops
2970,Men,Apparel,Topwear,Tshirts,White,Fall,2010.0,Casual,Puma Men's White T-shirt
34937,Women,Apparel,Topwear,Dupatta,Yellow,Summer,2012.0,Ethnic,Fabindia Yellow Dupatta
49597,Women,Footwear,Shoes,Heels,Brown,Winter,2015.0,Casual,Catwalk Women Brown Flats
19683,Women,Apparel,Topwear,Tshirts,Pink,Summer,2012.0,Casual,United Colors of Benetton Women Printed Pink T-shirt
39284,Men,Footwear,Sandal,Sandals,Khaki,Winter,2018.0,Casual,Red Chief Men Khaki Sandals
55551,Women,Personal Care,Makeup,Kajal and Eyeliner,Black,Spring,2017.0,Casual,Revlon Colorstay Sparkling Black Eye Liner
16060,Men,Apparel,Bottomwear,Trousers,Beige,Fall,2011.0,Casual,Highlander Men Solid Beige Trouser
26265,Men,Apparel,Topwear,Tshirts,Maroon,Summer,2013.0,Casual,Proline Men Maroon Polo T-Shirt
47252,Men,Apparel,Innerwear,Briefs,Black,Summer,2016.0,Casual,FCUK Underwear Men Black Brief
3635,Unisex,Footwear,Shoes,Sports Shoes,White,Fall,2012.0,Sports,Puma Unisex White Speeder Sports Shoes
16897,Women,Accessories,Eyewear,Sunglasses,Brown,Winter,2016.0,Casual,Police Women Casual Brown Sunglasses
56571,Women,Personal Care,Makeup,Foundation and Primer,Skin,Spring,2017.0,,Streetwear Stay On Mineral Toast Foundation
22252,Men,Footwear,Shoes,Casual Shoes,Blue,Summer,2011.0,Casual,ID Men Blue Casual Shoes
13727,Women,Footwear,Shoes,Sports Shoes,Silver,Fall,2011.0,Sports,ADIDAS Women Silver Adi Primo Sports Shoe
37780,Men,Apparel,Topwear,Shirts,Green,Summer,2012.0,Casual,John Players Men Bright Striped Shirt
19679,Women,Apparel,Topwear,Tops,Black,Summer,2011.0,Casual,United Colors of Benetton Women Solid Black Top
58249,Women,Accessories,Wallets,Wallets,Brown,Summer,2012.0,Casual,Baggit Women Brown Wallet
28591,Men,Accessories,Belts,Belts,Brown,Summer,2012.0,Casual,Peter England Men Leather Brown Belt
9337,Men,Apparel,Topwear,Tshirts,Yellow,Fall,2011.0,Casual,Puma Men Heroes Graphic Yellow Tshirts
46468,Men,Accessories,Watches,Watches,Black,Winter,2016.0,Casual,Timex Men Black Dial Watch
16916,Men,Apparel,Topwear,Sweaters,White,Fall,2011.0,Casual,Spykar Men Stripes White Sweaters
7925,Men,Apparel,Topwear,Tshirts,Navy Blue,Fall,2011.0,Casual,Proline Men Navy Polo T-shirt
5488,Men,Apparel,Topwear,Tshirts,Maroon,Summer,2011.0,Casual,Mr.Men Men's Must Sleep Mulberry T-shirt
31996,Men,Accessories,Socks,Socks,White,Summer,2016.0,Formal,Playboy Men White Socks
34880,Women,Accessories,Bags,Handbags,Blue,Summer,2012.0,Casual,Envirosax Women Blue Bag
7589,Men,Footwear,Shoes,Sports Shoes,Red,Summer,2011.0,Sports,Nike Men 5 Street G Red Shoe
49847,Men,Accessories,Watches,Watches,Black,Winter,2016.0,Casual,Q&Q Men Black Watch
13231,Men,Apparel,Bottomwear,Shorts,Blue,Fall,2011.0,Casual,Palm Tree Kids Boys Washed Blue Shorts
5443,Women,Apparel,Topwear,Tshirts,Orange,Summer,2011.0,Casual,Nike Women's Striped Polo Orange T-shirt
19539,Men,Apparel,Topwear,Sweaters,Black,Summer,2011.0,Casual,United Colors of Benetton Men Solid Black Sweater
35397,Men,Footwear,Shoes,Formal Shoes,Black,Summer,2012.0,Formal,Stens by Enroute Men Black Formal Shoes
15764,Men,Apparel,Innerwear,Innerwear Vests,Blue,Summer,2016.0,Casual,Facit Men Hunk Blue Innerwear Vest
7784,Men,Apparel,Topwear,Tshirts,Black,Fall,2011.0,Casual,Proline Men Black Polo T-shirt
40754,Women,Footwear,Flip Flops,Flip Flops,White,Winter,2012.0,Casual,Roxy Women White Flip Flops
56255,Men,Apparel,Loungewear and Nightwear,Night suits,Black,Summer,2016.0,Casual,SDL by Sweet Dreams Men Black & Grey Pyjama Set
10820,Men,Apparel,Topwear,Shirts,Navy Blue,Fall,2011.0,Casual,Wrangler Men City Work Navy Blue Shirts
56863,Women,Footwear,Shoes,Heels,Brown,Winter,2012.0,Casual,HM Women Brown Heels
45645,Men,Apparel,Innerwear,Briefs,Black,Summer,2016.0,Casual,Park Avenue Men Black Swank Briefs
51621,Women,Accessories,Watches,Watches,White,Winter,2016.0,Casual,FOSSIL Women White Dial Watch ES3069
56094,Women,Personal Care,Lips,Lip Gloss,Purple,Spring,2017.0,Casual,Colorbar Star Wine Me Lip Gloss 013
49623,Women,Footwear,Shoes,Heels,Beige,Winter,2015.0,Casual,Catwalk Women Beige Heels
39302,Men,Footwear,Shoes,Casual Shoes,Brown,Winter,2018.0,Casual,Red Chief Men Brown Casual Shoes
53372,Unisex,Accessories,Bags,Backpacks,Red,Summer,2012.0,Casual,Puma Unisex Red Ferrari Backpack
3771,Men,Apparel,Topwear,Tshirts,Green,Summer,2011.0,Casual,Status Quo Men's Green Polo T-shirt
22775,Women,Apparel,Topwear,Kurtas,White,Summer,2011.0,Ethnic,BIBA Women Printed White Kurta
14025,Men,Apparel,Bottomwear,Shorts,Grey,Fall,2011.0,Sports,Nike Men Solid Grey Shorts
57514,Men,Footwear,Shoes,Casual Shoes,Brown,Summer,2012.0,Casual,Provogue Men Brown Casual Shoes
8731,Men,Apparel,Topwear,Shirts,Green,Fall,2011.0,Casual,Indigo Nation Men Plain Shirt Green Shirts
28613,Men,Footwear,Shoes,Sports Shoes,Grey,Summer,2012.0,Sports,Nike Men Air Max Tailwind Grey Sports Shoes
20441,Unisex,Footwear,Shoes,Casual Shoes,Green,Winter,2012.0,Casual,Disney Kids-Unisex Pooh Steps Green Shoes
10476,Men,Apparel,Topwear,Shirts,Pink,Fall,2011.0,Casual,Flying Machine Men Ydc Pink Shirts
29960,Men,Accessories,Eyewear,Sunglasses,Copper,Winter,2016.0,Casual,Cat Men Metal Sunglasses
17297,Men,Accessories,Socks,Socks,Black,Summer,2015.0,Sports,Puma Men Pack of 3 Sports Socks
51476,Men,Apparel,Bottomwear,Jeans,Blue,Summer,2012.0,Casual,Denizen Men Blue Jeans
14049,Men,Apparel,Topwear,Shirts,Blue,Fall,2011.0,Casual,Flying Machine Men Washed Blue Shirts
49670,Men,Accessories,Eyewear,Sunglasses,White,Winter,2016.0,Casual,United Colors of Benetton Men Sunglass
57578,Women,Personal Care,Lips,Lipstick,Brown,Spring,2017.0,,Lotus Herbals Pure Colours Rose Wood Lipstick 641
28475,Women,Apparel,Topwear,Kurtas,Blue,Summer,2012.0,Ethnic,Urban Yoga Women Printed Blue Kurta
26729,Men,Apparel,Topwear,Tshirts,Black,Summer,2012.0,Casual,Puma Men Sunbleach Black T-shirt
11193,Men,Accessories,Watches,Watches,White,Winter,2016.0,Casual,Carrera Men Steel dial frame dial White Watches
59876,Women,Apparel,Dress,Dresses,Multi,Fall,2012.0,Casual,Femella Women Black Printed Dress
22721,Men,Footwear,Shoes,Casual Shoes,Brown,Fall,2011.0,Casual,Nike Men Brown Flyclave LTR Casual Shoe
6091,Women,Apparel,Topwear,Tshirts,Pink,Summer,2011.0,Casual,UCB Women's Racerback Print Pink T-shirt
30680,Men,Accessories,Eyewear,Sunglasses,Black,Winter,2016.0,Casual,Park Avenue Men Black Sunglasses
21953,Women,Accessories,Bags,Handbags,Purple,Winter,2015.0,Casual,Murcia Women Casual Purple Handbag
5841,Men,Apparel,Topwear,Tshirts,Red,Summer,2011.0,Casual,ADIDAS Men's M-5 Red T-shirt
31790,Women,Apparel,Topwear,Tshirts,Pink,Summer,2012.0,Casual,Lee Women Dora Pink T-shirt
40535,Women,Accessories,Watches,Watches,White,Winter,2016.0,Casual,Titan Women White Dial Watch
11363,Men,Apparel,Topwear,Tshirts,Black,Summer,2011.0,Casual,United Colors of Benetton Men Solid Black Tshirt
13262,Women,Apparel,Bottomwear,Jeans,Blue,Fall,2011.0,Casual,Palm Tree Kids Girl Washed Blue Jeans
58539,Men,Accessories,Eyewear,Sunglasses,Black,Winter,2016.0,Casual,Miami Blues Men Sunglasses
44965,Men,Free Items,Free Gifts,Free Gifts,White,Winter,2016.0,Casual,Maxima Men White Dial Watch
49010,Women,Accessories,Jewellery,Ring,Silver,Summer,2012.0,Casual,Lucera Women Silver Ring
59282,Unisex,Accessories,Watches,Watches,Black,Winter,2016.0,Casual,Titan Him & Her Black Watches
57916,Men,Accessories,Socks,Socks,White,Summer,2016.0,Casual,Fruit of the Loom Men Pack of Three Socks
4358,Men,Apparel,Topwear,Tshirts,Green,Summer,2011.0,Casual,DC Comics Men's Comics Affliction Olive T-shirt
9675,Men,Apparel,Topwear,Tshirts,White,Fall,2011.0,Casual,ADIDAS Men White Polo Tshirts
13239,Men,Apparel,Topwear,Tshirts,Brown,Fall,2011.0,Casual,Palm Tree Kids Boys Printed Brown Tshirts
30289,Men,Accessories,Eyewear,Sunglasses,Black,Summer,2017.0,Casual,Speedo Men Sheet Sunglasses
25790,Men,Apparel,Topwear,Suspenders,Red,Summer,2012.0,Formal,Arrow Men Red Suspenders
43582,Boys,Apparel,Topwear,Shirts,White,Summer,2012.0,Casual,Gini and Jony Boys White Check Shirt
50505,Men,Apparel,Innerwear,Briefs,Red,Winter,2016.0,Casual,Chromozome Men Red Striped Brief
57344,Women,Apparel,Innerwear,Bra,Purple,Winter,2015.0,Casual,Amante Purple Bra-BGDI03
33601,Men,Apparel,Topwear,Tshirts,White,Summer,2012.0,Casual,Arrow Men Striped White T-shirt
22541,Men,Footwear,Shoes,Sports Shoes,White,Summer,2010.0,Sports,Lotto  Kids-Boy Jumper  White Sports Shoes
34844,Men,Footwear,Sandal,Sandals,Black,Summer,2012.0,Casual,ADIDAS Men Adizero Black Sandals
30048,Women,Accessories,Watches,Watches,White,Winter,2016.0,Casual,SKAGEN DENMARK Women White Dial Watch 589SSS
55887,Women,Personal Care,Nails,Nail Polish,Peach,Spring,2017.0,Casual,Colorbar Exclusive Nail Lacquer 20
34423,Men,Apparel,Topwear,Tshirts,Orange,Summer,2012.0,Casual,Myntra Men Royal Yellow T-shirt
8962,Men,Footwear,Shoes,Casual Shoes,Black,Summer,2011.0,Casual,Numero Uno Men Black Canvas Shoe
10226,Women,Accessories,Bags,Handbags,Black,Winter,2015.0,Casual,Murcia Women Rubena Black Handbags
10014,Unisex,Accessories,Headwear,Caps,Blue,Fall,2011.0,Sports,Nike Unisex Feather lite Blue Caps
4555,Men,Footwear,Shoes,Sports Shoes,White,Summer,2011.0,Sports,Nike Men's Tennis White Green Shoe
9078,Men,Apparel,Bottomwear,Track Pants,Black,Spring,2013.0,Sports,ADIDAS Men Crkt Col Pant Black Trackpant
57185,Women,Apparel,Topwear,Tunics,Green,Summer,2012.0,Casual,Elle Women Green Tunic
9085,Men,Footwear,Shoes,Casual Shoes,Grey,Winter,2011.0,Casual,Buckaroo Men Grey Shoes
4138,Women,Footwear,Shoes,Casual Shoes,Black,Winter,2015.0,Casual,Skechers Women Black & Pink Shoes
13653,Men,Footwear,Shoes,Casual Shoes,Brown,Fall,2011.0,Casual,ADIDAS Brown Agora Lea Casual Shoe
16745,Women,Accessories,Bags,Clutches,Grey,Winter,2015.0,Casual,Spice Art Women Zircons Grey Clutch
3574,Women,Footwear,Shoes,Casual Shoes,Black,Summer,2011.0,Casual,ADIDAS Women Black Outdoor Shoe
6462,Men,Footwear,Shoes,Casual Shoes,Black,Summer,2011.0,Casual,Lotto Men's Leisure Black Shoe
10022,Men,Apparel,Topwear,Tshirts,Blue,Fall,2011.0,Sports,Nike Men Blue Polo Tshirts
8998,Men,Footwear,Shoes,Casual Shoes,Black,Fall,2011.0,Casual,Puma Men Contest HI Black Casual Shoes
14688,Men,Apparel,Bottomwear,Trousers,Beige,Fall,2011.0,Casual,Basics Men Beige Trousers
37638,Men,Accessories,Accessories,Accessory Gift Set,Tan,Summer,2012.0,Casual,Wills Lifestyle Men Leather Accessory Gift Set
34881,Women,Accessories,Bags,Handbags,Multi,Summer,2012.0,Casual,Envirosax Women Multi Coloured Bag
6657,Women,Footwear,Flip Flops,Flip Flops,Brown,Summer,2011.0,Casual,Nike Women's Butterfly Thong Brown Flip Flop
45829,Women,Footwear,Shoes,Heels,Brown,Summer,2012.0,Casual,Senorita Women Brown Flats
9049,Men,Footwear,Shoes,Sports Shoes,White,Fall,2011.0,Sports,ADIDAS Men Tip Off 2 White Sports Shoes
13002,Women,Footwear,Shoes,Heels,Red,Winter,2012.0,Casual,Inc 5 Women Casual Red Flats
55425,Women,Personal Care,Lips,Lipstick,Pink,Spring,2017.0,Casual,Revlon Moisture Stay Nutty Lipstick 32
34412,Men,Apparel,Topwear,Tshirts,Black,Summer,2012.0,Casual,Myntra Men Black Printed T-shirt
13466,Men,Apparel,Topwear,Tshirts,Blue,Summer,2011.0,Casual,United Colors of Benetton Men Stripes Blue Tshirts
7341,Men,Apparel,Topwear,Tshirts,Brown,Fall,2011.0,Casual,Tantra Men Brown T-shirt
22147,Men,Footwear,Shoes,Formal Shoes,Black,Fall,2011.0,Formal,Lee Cooper Men Black Formal Shoes
38240,Unisex,Accessories,Eyewear,Sunglasses,Black,Winter,2016.0,Casual,Polaroid Unisex Sunglasses
44990,Women,Accessories,Watches,Watches,Silver,Winter,2016.0,Casual,Maxima Women Silver Dial Watch
31339,Men,Apparel,Bottomwear,Jeans,Blue,Summer,2012.0,Casual,Locomotive Men Washed Blue Jeans
43513,Women,Apparel,Dress,Dresses,Orange,Summer,2012.0,Casual,French Connection Women Orange Dress
33690,Men,Footwear,Shoes,Casual Shoes,White,Winter,2012.0,Casual,Cobblerz Men White & Red Casual Shoes
4153,Men,Footwear,Shoes,Sports Shoes,Black,Summer,2011.0,Sports,Nike Men's Sweet Classic Black White Shoe
46608,Women,Footwear,Shoes,Heels,Silver,Winter,2012.0,Casual,Catwalk Women Silver Heels
15709,Men,Footwear,Shoes,Sports Shoes,Green,Fall,2011.0,Sports,Puma Men Whirlwind Classic Green Sports Shoes
59614,Women,Apparel,Saree,Sarees,Pink,Fall,2012.0,Ethnic,FNF Pink Wedding Collection Sari
45084,Women,Apparel,Loungewear and Nightwear,Nightdress,Silver,Summer,2016.0,Casual,Bwitch Silver Delight Nightdress
51689,Men,Accessories,Eyewear,Sunglasses,Blue,Winter,2016.0,Casual,Louis Philippe Men Oversized Sunglasses LP226-C4
9013,Men,Footwear,Shoes,Casual Shoes,Brown,Summer,2011.0,Casual,Decathlon Men's Arpenaz Brown Shoe
48902,Women,Accessories,Jewellery,Pendant,Silver,Summer,2012.0,Casual,Lucera Women Silver Pendant
53744,Women,Apparel,Bottomwear,Capris,Grey,Summer,2012.0,Casual,ADIDAS Women Grey Capris
24424,Men,Footwear,Shoes,Sports Shoes,White,Summer,2012.0,Sports,ADIDAS Men Vanquish 5 White Sports Shoes
6407,Men,Footwear,Sandal,Sandals,Black,Summer,2011.0,Casual,Lotto Men Cross Black Floater
47512,Men,Apparel,Innerwear,Briefs,Khaki,Summer,2016.0,Casual,Facit Men Khaki Brief
49488,Men,Footwear,Shoes,Casual Shoes,Black,Summer,2012.0,Casual,Vans Men Black Helliotrope Shoes
31592,Men,Apparel,Topwear,Tshirts,Navy Blue,Summer,2012.0,Casual,Mark Taylor Men Printed Navy Blue T-shirt
12710,Men,Footwear,Shoes,Sports Shoes,Silver,Fall,2011.0,Sports,Nike Men Mercurial Victory Silver Sports Shoes
3181,Men,Footwear,Shoes,Sports Shoes,Grey,Fall,2010.0,Sports,Nike Men's Lunarelite Grey Red Shoe
17296,Men,Accessories,Socks,Socks,White,Fall,2011.0,Sports,Puma Men Pack of 3 Sports Socks
59073,Women,Apparel,Innerwear,Bra,Skin,Summer,2017.0,Casual,Peri Peri Women Skin Bra
28222,Men,Personal Care,Fragrance,Deodorant,Gold,Spring,2017.0,Casual,YARDLEY Men Gold Deo
8132,Women,Accessories,Watches,Watches,White,Winter,2016.0,Casual,Fastrack Women Core Analog White Steel Watch
52414,Women,Apparel,Loungewear and Nightwear,Nightdress,Black,Winter,2015.0,Casual,Red Rose Women Black & Red Nightdress
57166,Women,Apparel,Topwear,Tops,Lavender,Summer,2012.0,Casual,Elle Women Lavender Top
59498,Women,Accessories,Jewellery,Necklace and Chains,Silver,Summer,2013.0,Casual,Lucera Silver Tarika Necklace
27675,Women,Accessories,Bags,Handbags,Brown,Winter,2015.0,Casual,Murcia Women Brown Handbag
35182,Women,Accessories,Bags,Backpacks,Pink,Summer,2015.0,Casual,Wildcraft Women Pink Backpack
50515,Men,Apparel,Innerwear,Trunk,Grey,Winter,2016.0,Casual,Chromozome Men Grey Trunk Trunks
24236,Women,Apparel,Topwear,Kurtas,Purple,Fall,2011.0,Ethnic,La-Emotio Women Purple Kurta
54525,Men,Footwear,Shoes,Sports Shoes,Grey,Fall,2012.0,Sports,F Sports Men Grey Zero Gravity Sports Shoes
35720,Men,Footwear,Sandal,Sandals,Black,Summer,2012.0,Casual,Force 10 Men Moser Black Sandals
55058,Women,Personal Care,Lips,Lipstick,Purple,Spring,2017.0,,Lakme Enrich Satins Lipstick 529
26798,Men,Apparel,Topwear,Shirts,Blue,Summer,2013.0,Formal,Arrow Men Blue Shirt
11328,Men,Apparel,Bottomwear,Jeans,Blue,Fall,2011.0,Casual,United Colors of Benetton Men Washed Blue Jeans
28266,Men,Personal Care,Fragrance,Deodorant,Blue,Spring,2017.0,Casual,Gatsby Men Blaze Deo
38656,Women,Footwear,Shoes,Sports Shoes,Grey,Summer,2012.0,Sports,Nike Women Dual Fusion Grey Sports Shoes
17219,Men,Accessories,Eyewear,Sunglasses,Brown,Winter,2016.0,Casual,United Colors of Benetton Men Funky Eyewear Brown Sunglasses
47135,Women,Accessories,Bags,Handbags,Black,Summer,2015.0,Casual,Be For Bag Women Black And White Tote Bag
6212,Women,Apparel,Topwear,Tops,Brown,Summer,2011.0,Casual,UCB Women Photo Print Lavender Top
37626,Girls,Apparel,Topwear,Tshirts,Pink,Summer,2012.0,Casual,Madagascar3 Girls Pink Printed T-Shirt
46477,Women,Accessories,Watches,Watches,Steel,Winter,2016.0,Casual,Timex Women Steel Watch
43753,Women,Accessories,Jewellery,Bangle,Gold,Summer,2012.0,Casual,Royal Diadem Set of 2 Golden Bangles
26559,Men,Footwear,Shoes,Casual Shoes,Black,Summer,2012.0,Casual,Lee Cooper Men Black Shoes
48384,Men,Apparel,Bottomwear,Jeans,Blue,Summer,2012.0,Casual,French Connection Men Blue Jeans
11921,Men,Footwear,Shoes,Formal Shoes,Brown,Winter,2015.0,Formal,Franco Leone Men Brown Leather Formal Shoes
46448,Men,Accessories,Watches,Watches,Black,Winter,2016.0,Casual,Timex Men Black Dial Watch
30263,Men,Footwear,Shoes,Casual Shoes,Olive,Winter,2018.0,Casual,Red Tape Men Olive Shoes
2670,Women,Accessories,Bags,Handbags,Yellow,Winter,2015.0,Casual,Murcia Women Yellow Leatherette Hand Bag
33244,Men,Apparel,Topwear,Shirts,Blue,Summer,2012.0,Formal,Arrow Men Blue Slim Fit Shirt
26796,Men,Apparel,Topwear,Shirts,Blue,Summer,2013.0,Formal,Arrow Men Blue Striped Shirt
15329,Men,Apparel,Topwear,Sweaters,White,Fall,2011.0,Sports,Nike Men Solid White Sweaters
12930,Men,Apparel,Topwear,Tshirts,Navy Blue,Fall,2011.0,Casual,Classic Polo Men Club Navy Blue Tshirts
44927,Men,Apparel,Topwear,Tshirts,Grey,Summer,2012.0,Casual,Jack & Jones Men Grey T-shirt
50943,Women,Apparel,Bottomwear,Jeans,Blue,Winter,2011.0,Casual,Lee Womens Blue Maxi Fit Jeans
35988,Women,Apparel,Topwear,Tshirts,Black,Summer,2012.0,Casual,Flying Machine Women Cotton Black T-shirt
55051,Women,Personal Care,Lips,Lipstick,Purple,Spring,2017.0,,Lakme Enrich Satins Lipstick 135
10451,Men,Apparel,Topwear,Tshirts,Blue,Fall,2011.0,Casual,Flying Machine Men Blue Polo Tshirts
54513,Men,Footwear,Shoes,Casual Shoes,Brown,Fall,2012.0,Casual,F Sports Men Brown Rodeo Shoes
17674,Women,Footwear,Shoes,Flats,Red,Winter,2015.0,Casual,Catwalk Women Ballerina Red Casual Shoe
5694,Men,Footwear,Shoes,Casual Shoes,Brown,Winter,2015.0,Casual,Skechers Men's Genesis Everstone Brown Shoe
30600,Boys,Apparel,Topwear,Tshirts,Black,Summer,2012.0,Sports,Nike Boys Black & White Reversible T-shirt
17022,Women,Footwear,Shoes,Flats,Black,Fall,2013.0,Casual,Rocia Women Casual Black Sandal
15775,Men,Apparel,Innerwear,Briefs,White,Summer,2016.0,Casual,Facit Men Stringz White Briefs
3335,Unisex,Accessories,Headwear,Caps,Blue,Summer,2011.0,Sports,ADIDAS Kids-Unisex Mumbai Indians Team Blue Cap
31973,Men,Footwear,Shoes,Sports Shoes,Black,Summer,2012.0,Sports,Nike Men Dual Fusion ST 2 Black Sports Shoes
45698,Women,Personal Care,Fragrance,Perfume and Body Mist,,Spring,2017.0,,
46479,Women,Accessories,Watches,Watches,Black,Winter,2016.0,Casual,Timex Women Black Watch
20459,Women,Accessories,Bags,Handbags,Purple,Winter,2016.0,Casual,Baggit Women Libra Jhuti Purple Handbag
33288,Men,Apparel,Topwear,Tshirts,Charcoal,Summer,2012.0,Casual,Arrow Sport Men Printed Charcoal T-shirt
32954,Men,Apparel,Topwear,Tshirts,Black,Summer,2012.0,Casual,Angry Birds Men Printed Black T-shirt
48725,Women,Accessories,Jewellery,Earrings,Silver,Summer,2013.0,Casual,Lucera Women Silver Earrings
12997,Boys,Footwear,Shoes,Casual Shoes,Brown,Fall,2011.0,Casual,Timberland Kids Boys Casual Brown Casual Shoes
58725,Men,Apparel,Topwear,Tshirts,Navy Blue,Summer,2012.0,Casual,Puma Men Navy Blue T-shirt
19785,Men,Apparel,Topwear,Tshirts,Red,Winter,2016.0,Casual,U.S. Polo Assn. Men Solid Red Tshirt
5062,Men,Accessories,Watches,Watches,Black,Winter,2016.0,Casual,Being Human Men Black Dial Steel Plated Strap Watch
46082,Women,Footwear,Shoes,Sports Shoes,White,Summer,2012.0,Sports,ADIDAS Women White Vermont Sports Shoes
54311,Women,Apparel,Innerwear,Briefs,Pink,Summer,2017.0,Casual,Garfield Women Pink Cheeky Hipster Briefs
42628,Women,Accessories,Jewellery,Earrings,Gold,Winter,2016.0,Casual,Estelle Women Earrings
18234,Men,Apparel,Topwear,Tshirts,Grey,Fall,2011.0,Casual,Manchester United Men Printed Grey Tshirt
55801,Women,Apparel,Loungewear and Nightwear,Nightdress,White,Summer,2017.0,Casual,SDL by Sweet Dreams Women Blue Nightdress
14290,Men,Apparel,Topwear,Tshirts,Blue,Fall,2011.0,Casual,Classic Polo Men Stripes Blue Tshirts
9836,Women,Apparel,Topwear,Tshirts,Purple,Fall,2011.0,Casual,Little Miss Women Printed Purple T-shirt
26194,Men,Personal Care,Fragrance,Deodorant,Grey,Spring,2017.0,Casual,Formula 1 Men Performance Deo
57755,Women,Personal Care,Skin Care,Face Wash and Cleanser,White,Spring,2017.0,,Lotus Herbals Whiteglow Facial Foam
8317,Men,Apparel,Topwear,Tshirts,Blue,Summer,2012.0,Casual,Wildcraft Men Blue Printed T-shirt
39723,Women,Apparel,Dress,Dresses,Green,Summer,2012.0,Casual,Arrow Woman Aqua Green Dress
14609,Men,Accessories,Socks,Socks,Grey,Summer,2011.0,Casual,United Colors of Benetton Men Check Grey Socks
17423,Men,Accessories,Watches,Watches,Steel,Winter,2016.0,Casual,Casio Enticer Men Silver Analogue Watches (A221) MTP-1247D-9AVDF
3350,Men,Apparel,Topwear,Tshirts,Blue,Summer,2011.0,Casual,Myntra Men's Work Hard/ Smart Navy Blue T-shirt
27414,Women,Apparel,Loungewear and Nightwear,Lounge Pants,Navy Blue,Winter,2015.0,Casual,Jockey Women Navy Blue Lounge Pants
41262,Men,Accessories,Wallets,Wallets,Brown,Summer,2012.0,Casual,Arrow Men Brown Wallet
25149,Women,Accessories,Bags,Handbags,Black,Winter,2015.0,Casual,Lino Perros Women Black Handbag
10068,Men,Apparel,Topwear,Tshirts,White,Fall,2011.0,Casual,Puma Men lifestyle graphitti White Tshirts
7155,Women,Apparel,Topwear,Tops,Beige,Fall,2011.0,Casual,Scullers For Her Women Fashion Summer  Beige Top
48778,Women,Accessories,Jewellery,Pendant,Silver,Summer,2012.0,Casual,Lucera Women Silver Pendant with Chain
13645,Women,Footwear,Shoes,Flats,Brown,Fall,2011.0,Casual,Carlton London Women Casual Brown Sandals
57151,Women,Apparel,Innerwear,Camisoles,Peach,Summer,2017.0,Casual,Elle Women Peach Camisole
27689,Women,Accessories,Bags,Handbags,Brown,Winter,2015.0,Casual,Murcia Women Brown Handbag
9093,Women,Accessories,Bags,Handbags,Multi,Winter,2015.0,Casual,Murcia Women Brocade Clutch
11911,Men,Footwear,Sandal,Sandals,Black,Summer,2011.0,Formal,Franco Leone Men Casual Black Sandals
16754,Women,Accessories,Bags,Clutches,Silver,Winter,2015.0,Casual,Spice Art Women Crystal Flower Gold Clutch
43300,Men,Footwear,Flip Flops,Flip Flops,Yellow,Summer,2012.0,Casual,United Colors of Benetton Men Yellow & Black Flip Flop
21774,Men,Accessories,Belts,Belts,Black,Fall,2011.0,Casual,Fossil Men Maxim Black Belt
15125,Men,Apparel,Bottomwear,Trousers,Grey,Fall,2011.0,Formal,Arrow Men Autoflex Grey Trousers
58121,Women,Accessories,Jewellery,Earrings,Silver,Fall,2012.0,Casual,Rreverie Silver & Red Earrings
36398,Men,Accessories,Socks,Socks,Grey,Summer,2016.0,Casual,Reid & Taylor Men Grey Socks
12594,Unisex,Apparel,Topwear,Tshirts,Blue,Fall,2011.0,Casual,Tantra Unisex Printed Blue Tshirts
2647,Women,Accessories,Bags,Handbags,Brown,Winter,2015.0,Casual,Murcia Women Big Office Leather Brown Bag
25772,Men,Apparel,Topwear,Suspenders,Black,Summer,2012.0,Formal,Lino Perros Men Black & Brown Suspenders
52412,Women,Apparel,Loungewear and Nightwear,Nightdress,Pink,Winter,2015.0,Casual,Red Rose Pink Nightdress 9005
17644,Unisex,Footwear,Flip Flops,Flip Flops,Green,Summer,2012.0,Casual,Converse Unisex Casual Green Slipper
53534,Women,Apparel,Innerwear,Briefs,Grey,Summer,2018.0,Casual,Amante Women Grey Seamless Briefs PCSN11
17476,Women,Apparel,Innerwear,Bra,Purple,Summer,2017.0,Casual,Beyouty Women Lisa BR 10 Purple Bra
21570,Men,Footwear,Shoes,Casual Shoes,White,Summer,2012.0,Casual,Numero Uno Men Casual White Shoes
7597,Men,Footwear,Shoes,Sports Shoes,Red,Summer,2011.0,Sports,Nike Men's Backboard Red Black Shoe
18268,Women,Apparel,Topwear,Kurtas,Green,Fall,2011.0,Ethnic,Aneri Women Sunflower Green Kurta
31729,Men,Apparel,Topwear,Blazers,Blue,Summer,2012.0,Formal,Reid & Taylor Men Blue Blazer
57399,Women,Apparel,Innerwear,Briefs,Burgundy,Winter,2015.0,Casual,Amante Women Burgundy Briefs PGDI03
18633,Men,Apparel,Topwear,Tshirts,Navy Blue,Fall,2011.0,Casual,Puma Men GP Budg Logo Speed Navy Blue Tshirts
56041,Women,Personal Care,Lips,Lipstick,Brown,Spring,2017.0,Casual,Colorbar Coco Liscious Lipstick 10
16791,Men,Apparel,Topwear,Shirts,Blue,Fall,2011.0,Casual,Highlander Men Check Blue Shirt
39118,Women,Apparel,Bottomwear,Leggings,Black,Fall,2012.0,Casual,Aneri Women Black Leggings
55630,Women,Footwear,Shoes,Heels,Brown,Winter,2015.0,Casual,Catwalk Women Brown Sandals
33046,Women,Apparel,Topwear,Kurtas,Pink,Summer,2012.0,Ethnic,Mother Earth Women Printed Pink Kurta
29173,Girls,Apparel,Bottomwear,Skirts,Green,Summer,2012.0,Casual,United Colors of Benetton Kids Girls Printed Green Skirt
26309,Men,Apparel,Topwear,Tshirts,Coffee Brown,Fall,2013.0,Casual,Proline Men Pack of 3 T-Shirts
40927,Boys,Apparel,Bottomwear,Jeans,Blue,Summer,2012.0,Casual,Gini and Jony Boys Comics Blue Jeans
17816,Men,Footwear,Sandal,Sandals,Brown,Fall,2011.0,Casual,Lee Cooper Men  Brown Sandal
59694,Women,Apparel,Innerwear,Briefs,Black,Summer,2014.0,Casual,Avirate Black Brief
30298,Men,Apparel,Topwear,Tshirts,Off White,Summer,2012.0,Casual,Myntra Men Gamer 2 Off White T-shirt
39127,Women,Apparel,Bottomwear,Leggings,Pink,Fall,2012.0,Casual,Aneri Women Dusky Pink Leggings
26953,Women,Apparel,Topwear,Tops,Pink,Summer,2012.0,Casual,Jealous 21 Women Pink Top
26739,Women,Personal Care,Fragrance,Deodorant,Silver,Spring,2017.0,Casual,Reebok Women Reeshine Deo
34806,Men,Accessories,Belts,Belts,Brown,Summer,2012.0,Casual,Flying Machine Men Brown Belt
28465,Women,Apparel,Topwear,Tshirts,Magenta,Summer,2012.0,Casual,Urban Yoga Women Printed Pink T-shirt
13071,Men,Footwear,Shoes,Casual Shoes,Black,Fall,2012.0,Casual,Numero Uno Men Black Casual Shoes
5409,Men,Footwear,Shoes,Sports Shoes,Blue,Fall,2011.0,Sports,Quechua Arpenaz  200 M
7508,Men,Apparel,Topwear,Tshirts,White,Summer,2011.0,Sports,Nike Men's T90 Ss White T-shirt
4983,Women,Apparel,Dress,Dresses,White,Summer,2011.0,Casual,Palm Tree Girl's Blenda White Pink Kidswear
23842,Men,Footwear,Shoes,Sports Shoes,White,Fall,2011.0,Sports,ADIDAS Men White Resp Cushion Sports Shoes
42875,Women,Accessories,Bags,Clutches,Black,Summer,2012.0,Casual,French Connection Women Black Purse
5052,Men,Footwear,Shoes,Casual Shoes,Navy Blue,Summer,2011.0,Casual,Fila Men's Oxidised Navy Canvas Shoe
35918,Women,Accessories,Bags,Handbags,Black,Summer,2012.0,Casual,Peperone Women Black Handbag
12534,Men,Apparel,Topwear,Sweatshirts,Grey,Fall,2011.0,Casual,Puma Men Printed Grey Sweatshirts
10263,Men,Footwear,Shoes,Formal Shoes,Black,Summer,2013.0,Formal,Clarks Men Energise Me Leather Black Formal Shoes
15986,Men,Apparel,Topwear,Shirts,Yellow,Fall,2011.0,Casual,Turtle Check Men Yellow Shirt
28202,Men,Accessories,Eyewear,Sunglasses,Black,Winter,2016.0,Casual,Ray-Ban Men High Street Sunglasses
18463,Men,Personal Care,Fragrance,Perfume and Body Mist,White,Spring,2017.0,Casual,David Beckham Instinct Men Perfumes
59098,Women,Apparel,Innerwear,Bra,Purple,Summer,2017.0,Casual,Peri Peri Women Purple Bra
32595,Women,Apparel,Topwear,Tops,Pink,Summer,2012.0,Casual,ONLY Women Pink Top
5400,Women,Footwear,Shoes,Sports Shoes,Blue,Summer,2011.0,Sports,Kalenji Kiprun 1000l  Blue/grey
23083,Men,Apparel,Topwear,Shirts,Multi,Fall,2011.0,Casual,Arrow Sport Men Multi Coloured Check Shirt
16364,Men,Apparel,Topwear,Shirts,White,Fall,2011.0,Formal,Peter England Men Stripes White Shirt
5090,Men,Apparel,Topwear,Tshirts,Grey,Summer,2011.0,Casual,Wrangler Men's Worn Across Grey Melange T-shirt
56818,Men,Apparel,Topwear,Shirts,Grey,Summer,2012.0,Casual,John Players Men Grey Shirt
10252,Women,Accessories,Bags,Handbags,Brown,Winter,2015.0,Casual,Murcia Women SLB Bag Brown Handbags
20433,Women,Accessories,Wallets,Wallets,Green,Winter,2015.0,Casual,Baggit Women Era Taj Green Wallet
33024,Women,Apparel,Topwear,Kurtas,White,Summer,2012.0,Ethnic,Mother Earth Women White Kurta
49669,Men,Accessories,Eyewear,Sunglasses,White,Winter,2016.0,Casual,United Colors of Benetton Men Sunglass
2246,Unisex,Accessories,Bags,Backpacks,Black,Summer,2011.0,Sports,ADIDAS Black Backpack
5407,Women,Footwear,Shoes,Sports Shoes,Beige,,2011.0,Sports,Quechua Forclaz 500 L Beige Cn
12195,Men,Apparel,Topwear,Tshirts,Orange,Fall,2011.0,Casual,Basics Men Orange Striped T-shirt
30185,Unisex,Accessories,Bags,Backpacks,Red,Summer,2012.0,Casual,Nike Unisex Red Backpack
39834,Boys,Apparel,Topwear,Tshirts,Yellow,Summer,2012.0,Casual,Gini and Jony Boys Striped Yellow T-Shirt
19857,Men,Apparel,Topwear,Jackets,Navy Blue,Fall,2011.0,Casual,U.S. Polo Assn. Men Reversible Navy Blue Jacket
30515,Women,Apparel,Innerwear,Bra,Blue,Summer,2017.0,Casual,Lovable Women Spice Blue Bra
33390,Women,Accessories,Wallets,Wallets,Pink,Summer,2012.0,Casual,Baggit Women Goofy Jhuti Pink Wallet
19054,Women,Apparel,Topwear,Kurtas,Green,Fall,2011.0,Ethnic,Aurelia Women Printed Green Kurta
4498,Men,Footwear,Shoes,Sports Shoes,White,Summer,2011.0,Sports,Lotto Men's Osaka White Silver Shoe
27931,Women,Apparel,Topwear,Shirts,White,Summer,2012.0,Casual,Jealous 21 Women White Shirt
30176,Men,Accessories,Watches,Watches,Black,Winter,2016.0,Casual,Esprit Men Black Dial Watch
3027,Women,Apparel,Topwear,Tshirts,Red,Summer,2011.0,Casual,Lee Women Fergie Orange T-shirt
52354,Women,Apparel,Loungewear and Nightwear,Nightdress,Yellow,Winter,2015.0,Casual,Red Rose Women Yellow Nightdress
44231,Men,Footwear,Shoes,Sports Shoes,Blue,Summer,2012.0,Sports,Nike Men Air Max Turbulence+ 18 Grey Sports Shoes
16818,Men,Apparel,Topwear,Shirts,Green,Fall,2011.0,Casual,Locomotive Men Check Green Shirt
20310,Women,Apparel,Topwear,Tops,White,Fall,2011.0,Casual,Jealous 21 Women Stripes White Tops
38324,Unisex,Free Items,Free Gifts,Free Gifts,Blue,Summer,2012.0,Casual,Puma Unisex Blue Backpack
14926,Men,Apparel,Topwear,Tshirts,Green,Fall,2011.0,Casual,Mr. Men Men Mr. Happy DK.Green Tshirts
37996,Men,Accessories,Belts,Belts,Black,Summer,2012.0,Formal,New Hide Men Black Reversible Belt
21699,Women,Accessories,Watches,Watches,White,Winter,2016.0,Casual,Fossil Women White Dial Watch ES2980
21664,Men,Accessories,Watches,Watches,Black,Winter,2016.0,Casual,Fossil Men Black Dial Watch AM4360
42560,Women,Apparel,Topwear,Kurtas,Pink,Summer,2012.0,Ethnic,Mother Earth Women Pink Kurta
56194,Women,Personal Care,Makeup,Highlighter and Blush,Pink,Spring,2017.0,Casual,Colorbar Blush New Peachy Rose Blusher 004
48892,Women,Accessories,Jewellery,Pendant,Silver,Summer,2013.0,Casual,Lucera Women Silver Pendant
46134,Women,Accessories,Jewellery,Necklace and Chains,Pink,Winter,2015.0,Casual,Adrika Pink Necklace
49940,Men,Apparel,Topwear,Tshirts,Navy Blue,Summer,2016.0,Casual,Hanes Men Navy Blue T-shirt
55523,Women,Personal Care,Makeup,Foundation and Primer,Skin,Spring,2017.0,Casual,Revlon Photo Ready Makeup Shell 003
8290,Men,Apparel,Topwear,Tshirts,Navy Blue,Fall,2011.0,Casual,Mr.Men Men's Navy Melange T-shirt
18527,Boys,Accessories,Watches,Watches,Blue,Winter,2016.0,Casual,Chhota Bheem Analog Kids-Boys Blue Watch
53875,Men,Footwear,Flip Flops,Flip Flops,Navy Blue,Summer,2012.0,Casual,U.S. Polo Assn. Men Navy Blue Flip Flops
18371,Men,Apparel,Innerwear,Innerwear Vests,Red,Summer,2016.0,Casual,Undercolors of Benetton Men T-Shirts Red Innerwear T-shirt
9980,Men,Apparel,Topwear,Jackets,Black,Fall,2011.0,Sports,Nike Men As Sideline J Black Jackets
45742,Women,Apparel,Topwear,Kurtas,Mustard,Summer,2012.0,Ethnic,Folklore Women Yellow Kurta
44690,Women,Apparel,Topwear,Tops,White,Summer,2012.0,Casual,Wills Lifestyle Women Multi Coloured Top
3016,Men,Apparel,Topwear,Tshirts,Beige,Summer,2011.0,Casual,Lee Men's Bottle Grey T-shirt
34974,Women,Accessories,Stoles,Stoles,Multi,Summer,2012.0,Ethnic,Fabindia Women Chanderi Multi Coloured Stole
27953,Men,Apparel,Innerwear,Briefs,White,Summer,2016.0,Casual,Jockey SP-IW Men White Briefs SP01
36446,Men,Footwear,Shoes,Sports Shoes,Black,Summer,2012.0,Sports,Spinn Men Orbit Black Sports Shoes
7072,Unisex,Accessories,Bags,Backpacks,Red,Winter,2015.0,Casual,Wildcraft Unisex Equinox Red Black Backpack
25607,Men,Accessories,Watches,Watches,Steel,Winter,2016.0,Casual,Fastrack Men Steel Watch
9578,Women,Accessories,Bags,Handbags,Grey,Fall,2011.0,Casual,Puma Women Grey Jamaica Lifestyle Handbag
15862,Unisex,Footwear,Sandal,Sandals,Blue,Fall,2012.0,Casual,Warner Bros Kids Unisex SD Face Sandal Blue Sandals
38722,Women,Apparel,Topwear,Tunics,Cream,Summer,2012.0,Ethnic,Global Desi Women Cream Tunic
47610,Women,Footwear,Shoes,Heels,Yellow,Winter,2014.0,Casual,Portia Women Yellow Flats
32471,Unisex,Accessories,Socks,Socks,Black,Summer,2012.0,Casual,ADIDAS Unisex Pack of 3 Black Socks
26243,Men,Apparel,Bottomwear,Shorts,Grey Melange,Summer,2012.0,Sports,Proline Grey Melange Shorts
35492,Men,Footwear,Shoes,Formal Shoes,Black,Summer,2012.0,Formal,Bata Men Black Formal Shoes
18121,Men,Apparel,Innerwear,Innerwear Vests,Navy Blue,Summer,2016.0,Casual,Crusoe Men Easy Tee Navy Blue Innerwear Vest
48235,Women,Accessories,Eyewear,Sunglasses,Black,Winter,2016.0,Casual,United Colors of Benetton Women Black Sunglasses
6368,Men,Footwear,Shoes,Casual Shoes,Black,Summer,2011.0,Casual,Numero Uno Men's Black Shoe
39858,Boys,Apparel,Topwear,Tshirts,Yellow,Summer,2012.0,Casual,Gini and Jony Boys Printed Yellow T-Shirt
8662,Men,Accessories,Eyewear,Sunglasses,Green,Winter,2016.0,Casual,Fastrack Men Bikers Green Sunglasses
39632,Men,Footwear,Shoes,Sports Shoes,Red,Summer,2012.0,Sports,Nike Men Air Max Courtballistec Red Sports Shoes
39893,Men,Footwear,Shoes,Casual Shoes,Brown,Summer,2012.0,Casual,ADIDAS Men Brown Outback Shoes
10373,Men,Apparel,Topwear,Tshirts,Black,Fall,2011.0,Casual,United Colors of Benetton Men Solid Black Tshirts
24374,Women,Apparel,Topwear,Kurtas,Black,Fall,2011.0,Ethnic,Folklore Women Black  Kurta
13502,Men,Apparel,Topwear,Tshirts,Blue,Fall,2011.0,Casual,Chimp Men Baloon Boy Blue Tshirts
45981,Women,Apparel,Topwear,Tops,Grey Melange,Summer,2012.0,Casual,Tokyo Talkies Women Grey Melange Printed Top
39635,Men,Footwear,Shoes,Sports Shoes,Black,Summer,2012.0,Sports,Nike Men Kukini Black Sports Shoes
58266,Women,Accessories,Bags,Handbags,Silver,Spring,2012.0,Casual,Baggit Women Grey Handbag
28581,Men,Accessories,Watches,Watches,Black,Winter,2016.0,Casual,ADIDAS Originals Men Black Dial Watch ADH2653
57211,Women,Apparel,Bottomwear,Jeggings,Pink,Fall,2012.0,Casual,Kraus Jeans Women Pink Jeggings
5377,Unisex,Footwear,Shoes,Sports Shoes,Black,,2011.0,Sports,Btwin Road Shoes 5
40404,Women,Apparel,Topwear,Tops,Red,Summer,2012.0,Casual,Tonga Women Red & Cream-Coloured Top
37132,Men,Apparel,Topwear,Shirts,Blue,Summer,2012.0,Formal,Wills Lifestyle Men Blue Dexter Club Shirt
47077,Women,Apparel,Bottomwear,Patiala,Pink,Fall,2012.0,Ethnic,Shree Women Pink Printed Patiala
21034,Women,Footwear,Shoes,Flats,Gold,Fall,2012.0,Casual,Clarks Women Arizona Sands2 Gold Shoe
59912,Women,Apparel,Topwear,Kurtas,Multi,Summer,2012.0,Ethnic,Diva Women Multi Coloured Kurt
27595,Men,Apparel,Topwear,Tshirts,Purple,Summer,2012.0,Casual,Scullers Men Purple T-shirt
8853,Men,Apparel,Topwear,Shirts,White,Fall,2011.0,Casual,Mark Taylor Men White Striped Shirt
46300,Women,Personal Care,Fragrance,Perfume and Body Mist,White,Spring,2017.0,Casual,Jacques M Women Perfume
10787,Men,Apparel,Topwear,Shirts,Green,Fall,2011.0,Casual,Wrangler Men Galway Placket Label Check Shirt
27939,Women,Apparel,Bottomwear,Jeans,Purple,Summer,2012.0,Casual,Jealous 21 Women Purple Magic Colour Jeans
53873,Men,Footwear,Shoes,Sports Shoes,White,Fall,2012.0,Sports,Puma Men White Aquil Ind Sports Shoes
31863,Men,Accessories,Watches,Watches,Blue,Winter,2016.0,Casual,Titan Men Chronograph Blue Dial Watch
19063,Women,Apparel,Topwear,Kurtas,Off White,Fall,2011.0,Ethnic,W Women Block Print Off White Kurta
8068,Men,Accessories,Wallets,Wallets,Brown,Winter,2016.0,Casual,Fastrack Men Non Leather Drak Brown Wallet
53621,Men,Accessories,Watches,Watches,Black,Winter,2016.0,Casual,Q&Q Men Black Watch
54897,Women,Apparel,Topwear,Tshirts,Red,Summer,2012.0,Casual,Do u speak green Women Red T-shirt
49714,Men,Accessories,Ties,Ties,Blue,Summer,2012.0,Casual,Park Avenue Men Blue Tie
46936,Men,Personal Care,Fragrance,Perfume and Body Mist,White,Spring,2017.0,Casual,York Men Exo Pour Homme Eau De Toilette
6139,Unisex,Footwear,Sandal,Sandals,Black,Summer,2011.0,Casual,Puma Unisex Winch Black Green Floater
55170,Women,Personal Care,Nails,Nail Polish,Maroon,Spring,2017.0,Casual,Lakme Absolute Fast & Fabulous Crimson Scream Nail Polish 27
27306,Men,Personal Care,Fragrance,Deodorant,Grey,Spring,2017.0,Casual,ADIDAS Men Dynamic Pulse Deo
26220,Women,Accessories,Bags,Handbags,Pink,Summer,2012.0,Casual,Hidekraft Women Leather Pink Handbag
3442,Unisex,Apparel,Topwear,Tshirts,Blue,Summer,2011.0,Sports,Delhi Daredevils Kids Match Jersey
33998,Women,Apparel,Bottomwear,Leggings,Blue,Summer,2012.0,Casual,Femella Women Blue Leggings
13568,Men,Apparel,Innerwear,Innerwear Vests,Grey,Summer,2016.0,Casual,Hanes Men Racer Back Grey Innerwear Vests
9523,Unisex,Accessories,Bags,Backpacks,Blue,Fall,2011.0,Casual,ADIDAS Unisex Bess Bp Blue Backpacks
15801,Men,Apparel,Innerwear,Briefs,Blue,Summer,2016.0,Casual,Facit Men Mid- Rise BF Blue Briefs
47022,Women,Apparel,Topwear,Kurtas,Maroon,Summer,2012.0,Ethnic,Shree Women Maroon Kurta
10577,Women,Apparel,Topwear,Tshirts,Black,Fall,2011.0,Casual,Puma Women's Ess Black Polo Tshirts
8865,Men,Apparel,Topwear,Shirts,Purple,Fall,2011.0,Casual,Mark Taylor Men Purple Striped Shirt
12449,Unisex,Accessories,Shoe Accessories,Shoe Accessories,Brown,Fall,2011.0,,Timberland Unisex Brown Shoe Accessories
19293,Women,Accessories,Watches,Watches,White,Winter,2016.0,Casual,Guess Women Rosette White Watch
9386,Women,Footwear,Shoes,Casual Shoes,Black,Fall,2011.0,Casual,Nike Women Black Shoes
11862,Men,Footwear,Flip Flops,Flip Flops,Blue,Fall,2012.0,Casual,Playboy Men Red & Blue Flip Flops
44852,Men,Apparel,Topwear,Tshirts,Grey Melange,Summer,2012.0,Casual,Puma Men Grey Melange Ferrari T-shirt
45177,Men,Accessories,Watches,Watches,Black,Winter,2016.0,Casual,CASIO ENTICER Men Black Dial Analogue Watch A590
2705,Girls,Apparel,Dress,Dresses,Blue,Summer,2011.0,Casual,Disney Kids Girl's Blue Pooh Blouse Kidswear
27355,Women,Apparel,Topwear,Tshirts,Green,Fall,2011.0,Casual,Tantra Women Circles Green T-shirt
17998,Men,Apparel,Topwear,Tshirts,Red,Fall,2009.0,Sports,Puma Men Graphic Tee Red Tshirt
8207,Men,Apparel,Topwear,Tshirts,Red,Summer,2011.0,Casual,Locomotive Men Solid Langworth Red T-Shirts
28587,Men,Accessories,Wallets,Wallets,Brown,Summer,2012.0,Casual,Peter England Men Leather Brown Wallet
33336,Men,Footwear,Shoes,Formal Shoes,Black,Summer,2012.0,Formal,Homme Men Black Formal Shoes
34113,Girls,Apparel,Dress,Dresses,Pink,Summer,2012.0,Casual,Doodle Girls Printed Pink Dress
38940,Boys,Apparel,Bottomwear,Shorts,Blue,Summer,2012.0,Casual,Palm Tree Boys Blue Shorts
12617,Men,Footwear,Shoes,Casual Shoes,Brown,Winter,2018.0,Casual,Red Tape Men Casual Brown Casual Shoes
15897,Unisex,Footwear,Flip Flops,Flip Flops,Green,Fall,2011.0,Casual,Warner Bros Kids Unisex SD Wave Flop Green Slippers
27955,Men,Apparel,Innerwear,Briefs,Green,Summer,2016.0,Casual,Jockey Sport Performance  Men Green Brief SP02
13952,Women,Apparel,Topwear,Tops,White,Summer,2011.0,Casual,United Colors of Benetton Women Stripes White Tops
5982,Men,Apparel,Topwear,Shirts,Blue,Summer,2011.0,Casual,Locomotive Men Blue Checked Shirt
57013,Women,Footwear,Shoes,Heels,Black,Winter,2012.0,Casual,HM Women Black Heels
36440,Men,Footwear,Shoes,Sports Shoes,Black,Spring,2013.0,Sports,Spinn Men Cubic Black Sports Shoes
46737,Men,Accessories,Watches,Watches,Silver,Winter,2016.0,Casual,Timex Men Silver Dial Watch
24343,Men,Apparel,Topwear,Tshirts,White,Summer,2012.0,Casual,ADIDAS Men White Printed T-shirt
6152,Men,Footwear,Shoes,Casual Shoes,White,Summer,2011.0,Casual,ADIDAS Men's Porsche Design White Shoe
59145,Women,Footwear,Shoes,Heels,Brown,Fall,2012.0,Casual,Tiptopp Women Brown Sandals
46991,Women,Apparel,Topwear,Kurtas,Green,Fall,2012.0,Ethnic,Shree Women Green & Maroon  Embroidered Kurta
7870,Men,Apparel,Topwear,Tshirts,Purple,Fall,2011.0,Casual,Proline Men Purple Polo T-shirt
36478,Men,Footwear,Shoes,Casual Shoes,Grey,Summer,2012.0,Casual,Spinn Men Agile Grey Shoes
15255,Women,Footwear,Shoes,Casual Shoes,White,Fall,2011.0,Casual,ADIDAS Originals Women Superstar 2 White Casual Shoes
14387,Women,Footwear,Shoes,Heels,Beige,Winter,2015.0,Casual,Catwalk Women Casual Beige Flats
25898,Women,Apparel,Bottomwear,Leggings,Brown,Summer,2012.0,Casual,Femella Women Dark Brown Skinny Leggings
28119,Men,Apparel,Innerwear,Briefs,Brown,Summer,2016.0,Casual,Jockey MC Men Pack Of Two Brown Briefs 8003
12604,Women,Apparel,Topwear,Tops,Purple,Fall,2011.0,Casual,Jealous 21 Women Printed Purple Tops
24530,Women,Apparel,Topwear,Kurtas,Blue,Fall,2011.0,Ethnic,Mother Earth Women Blue Kurta
46712,Men,Personal Care,Fragrance,Perfume and Body Mist,Brown,Spring,2017.0,Casual,Rasasi Men Confidence Perfume
29022,Men,Apparel,Topwear,Tshirts,White,Fall,2012.0,Casual,ADIDAS Men Aess Crew White T-shirt
59167,Men,Footwear,Shoes,Formal Shoes,Brown,Fall,2012.0,Formal,Fortune Men Brown Formal Shoes
3862,Men,Apparel,Topwear,Tshirts,Orange,Summer,2011.0,Casual,Wrangler Men's Authentic Embro Orange T-shirt
45960,Women,Apparel,Topwear,Tshirts,Red,Fall,2012.0,Casual,Tokyo Talkies Women Red T-shirt
46947,Women,Personal Care,Fragrance,Perfume and Body Mist,Purple,Spring,2017.0,Casual,York Women Veronica Perfume
50822,Men,Accessories,Wallets,Wallets,Brown,Summer,2012.0,Casual,New Hide Men Brown Wallet
25075,Men,Accessories,Accessories,Accessory Gift Set,Maroon,Winter,2015.0,Formal,Lino Perros Men Formal Maroon Accessory Gift Set
4627,Men,Footwear,Shoes,Sports Shoes,White,Summer,2011.0,Sports,ADIDAS Men's Boat Low Lime Shoe
9597,Men,Apparel,Topwear,Shirts,Blue,Fall,2011.0,Casual,Scullers Men Scul Blue Shirts
19827,Men,Apparel,Topwear,Shirts,Red,Fall,2011.0,Casual,U.S. Polo Assn. Men Check Red Shirt
27519,Women,Footwear,Shoes,Flats,Black,Winter,2015.0,Casual,Catwalk Women Black Flats
53498,Women,Apparel,Innerwear,Bra,Peach,Summer,2017.0,Casual,Amante Peach-Coloured T-shirt Bra BFCV22
8017,Men,Apparel,Topwear,Tshirts,White,Fall,2011.0,Sports,Fila Men's Round Neck Black White T-shirt
33589,Men,Apparel,Topwear,Tshirts,Green,Summer,2012.0,Casual,Wrangler Men Urban Folk Polo Green T-shirt
9555,Men,Apparel,Topwear,Tshirts,Blue,Fall,2011.0,Sports,Nike Men Asem Cricket Crazy Blue T-Shirts
17516,Women,Apparel,Topwear,Sweaters,Magenta,Fall,2011.0,Casual,Jealous 21 Women Solid Magenta Sweater
26635,Men,Footwear,Shoes,Casual Shoes,Black,Summer,2012.0,Casual,Puma Men Future Cat Black Casual Shoes
37581,Girls,Apparel,Bottomwear,Shorts,Green,Summer,2012.0,Casual,Madagascar 3 Girls Light Green Shorts
20360,Men,Apparel,Topwear,Tshirts,Blue,Fall,2011.0,Casual,Spykar Men Stripes Blue T-Shirt
6387,Men,Footwear,Shoes,Sports Shoes,Navy Blue,Summer,2011.0,Sports,Puma Men's Trim Mesh Navy White Shoe
27145,Women,Apparel,Innerwear,Bra,White,Summer,2012.0,Casual,Miss-T White Bra
12659,Men,Apparel,Topwear,Shirts,White,Fall,2011.0,Casual,Probase Men Stripes White Shirts
4689,Unisex,Accessories,Bags,Backpacks,Black,Summer,2011.0,Sports,ADIDAS CR_BTS 3S INSP Black Silver Unisex Backpack
15488,Women,Footwear,Shoes,Flats,Tan,Winter,2012.0,Casual,Carlton London Women Tan Brown Boots
47000,Women,Apparel,Topwear,Kurtas,Pink,Fall,2012.0,Ethnic,Shree Women Pink Printed Kurta
54625,Men,Accessories,Watches,Watches,Black,Winter,2016.0,Casual,Fastrack Men Black Dial Watch
3467,Women,Footwear,Shoes,Casual Shoes,White,Summer,2011.0,Casual,ADIDAS Women Adi Slide White Silver Shoe
40473,Men,Footwear,Shoes,Sports Shoes,Black,Fall,2012.0,Sports,Fila Men Black Supercharger Sports Shoes
44443,Men,Footwear,Sandal,Sandals,Black,Fall,2012.0,Casual,Gliders Men Black & Brown Volant Sandals
52348,Women,Apparel,Loungewear and Nightwear,Nightdress,Blue,Winter,2015.0,Casual,Red Rose Women Blue Nightdress
15649,Women,Apparel,Topwear,Tops,Grey,Fall,2011.0,Sports,Nike Women Trainng Grey Tops
4810,Men,Apparel,Topwear,Tshirts,White,Summer,2011.0,Sports,ADIDAS Men's Star Polo White Polo T-shirt
39448,Women,Apparel,Topwear,Kurtas,Mustard,Summer,2012.0,Ethnic,Diva Women Mustard Kurta
4013,Unisex,Sporting Goods,Sports Equipment,Basketballs,Brown,Summer,2011.0,Casual,Spalding  177z NBA School Brown Basketball
5797,Men,Apparel,Topwear,Tshirts,Blue,Summer,2011.0,Casual,ADIDAS Men's Bam Blue T-shirt
4477,Women,Footwear,Shoes,Sports Shoes,White,Summer,2011.0,Sports,Puma Women Exsis White Silver Black Shoe
31846,Men,Accessories,Watches,Watches,Black,Winter,2016.0,Casual,Titan Men Black Dial Watch
43802,Women,Accessories,Jewellery,Earrings,Gold,Summer,2012.0,Ethnic,Royal Diadem Green Earrings
6786,Men,Apparel,Topwear,Jackets,Black,Summer,2011.0,Casual,Timberland Men Falmouth Cycling Jac Black Jacket
25021,Men,Apparel,Topwear,Sweatshirts,Grey,Fall,2011.0,Sports,Nike Men Poly Fleece Grey Sweatshirt
57065,Women,Apparel,Topwear,Tops,Grey,Summer,2012.0,Casual,Elle Women Grey Vintage Top
41332,Women,Apparel,Topwear,Dupatta,Green,Winter,2012.0,Ethnic,Aurelia Women Green Dupatta
31283,Men,Apparel,Topwear,Tshirts,Black,Summer,2012.0,Casual,Puma Men Faas Black T-shirt
37722,Men,Apparel,Topwear,Shirts,Grey,Summer,2012.0,Casual,John Players Men Grey Striped Shirt
45108,Men,Accessories,Watches,Watches,Black,Winter,2016.0,Casual,CASIO ENTICER Men Black Printed Dial Watch A020 MQ-76-L7A1UL
33188,Women,Apparel,Topwear,Tops,Purple,Summer,2012.0,Casual,Sepia Women Purple Top
5907,Men,Apparel,Topwear,Tshirts,Black,Summer,2011.0,Casual,Puma Men's Massa Lifestyle Black T-shirt
32257,Women,Apparel,Topwear,Tops,Beige,Summer,2012.0,Ethnic,Fabindia Women Printed Beige Ghicha Silk Wrap Top
56376,Men,Personal Care,Fragrance,Perfume and Body Mist,Brown,Spring,2017.0,Casual,Dunhill Men 100 ml Perfume
43496,Men,Apparel,Topwear,Tshirts,Navy Blue,Summer,2012.0,Casual,French Connection Men Navy Blue T-shirt
49990,Men,Accessories,Socks,Socks,White,Summer,2016.0,Sports,Hanes Men Pack Of 3 White Cushion Max Crew Socks
5560,Men,Apparel,Topwear,Jackets,Green,Summer,2011.0,Sports,Reebok Men Sport Revesable Black Green Jacket
45795,Women,Footwear,Shoes,Heels,Black,Summer,2012.0,Casual,Senorita Women Black Sandals
51395,Men,Apparel,Bottomwear,Shorts,Yellow,Summer,2012.0,Casual,Myntra Men Yellow Check Shorts
17580,Men,Apparel,Bottomwear,Trousers,Navy Blue,Fall,2011.0,Casual,Mark Taylor Men Solid Navy Blue Trouser
39821,Men,Footwear,Sandal,Sandals,Black,Summer,2012.0,Casual,Red Tape Men Black Sandals
52346,Women,Apparel,Loungewear and Nightwear,Nightdress,Peach,Winter,2015.0,Casual,Red Rose Peach Nightdress
25214,Women,Accessories,Bags,Handbags,Pink,Winter,2015.0,Casual,Lino Perros Women Leatherette Pink Handbag
11426,Men,Apparel,Topwear,Shirts,Blue,Fall,2011.0,Casual,United Colors of Benetton Men Light Blue Shirts
16603,Women,Apparel,Topwear,Shirts,Black,Fall,2011.0,Casual,Scullers Women Check Black Shirt
43633,Women,Apparel,Dress,Dresses,Red,Summer,2012.0,Casual,Vero Moda Women Coral Coloured Dress
27376,Men,Apparel,Topwear,Tshirts,Mustard,Fall,2011.0,Casual,Tantra Men Jimmo Mustard T-shirt
34761,Women,Accessories,Bags,Handbags,Blue,Summer,2015.0,Casual,Be For Bag Women Blue Tote Bag
26062,Men,Apparel,Topwear,Shirts,Blue,Summer,2012.0,Formal,John Miller Men Striped Blue Shirt
12065,Women,Apparel,Topwear,Kurtas,Navy Blue,Fall,2011.0,Ethnic,W Women Printed Navy Blue Kurtas
54489,Women,Accessories,Bags,Handbags,Orange,Summer,2012.0,Casual,Lino Perros Women Orange Sling Bag
49938,Men,Apparel,Innerwear,Innerwear Vests,Black,Summer,2016.0,Casual,Hanes Men Black Innerwear Vest
52128,Girls,Apparel,Dress,Dresses,Blue,Summer,2012.0,Casual,Doodle Girls Blue Washed Dress
50481,Men,Apparel,Innerwear,Briefs,Navy Blue,Winter,2016.0,Casual,Chromozome Men Navy Blue Briefs
30100,Men,Apparel,Bottomwear,Jeans,Blue,Summer,2012.0,Casual,Flying Machine Men Washed Blue Jeans
31442,Men,Apparel,Topwear,Tshirts,Grey,Summer,2012.0,Sports,Nike Men Cricket Grey Jersey
20530,Women,Accessories,Wallets,Wallets,Brown,Winter,2015.0,Casual,Baggit Women Brown Wallet
12861,Men,Footwear,Shoes,Formal Shoes,Black,Spring,2012.0,Formal,Lee Cooper Men Formal Black Shoes
4079,Men,Apparel,Topwear,Tshirts,Red,Summer,2011.0,Casual,Inkfruit Men's Operation Holocaust Red T-shirt
49755,Men,Accessories,Ties,Ties,Blue,Summer,2012.0,Formal,Parx Men Blue Tie
26892,Women,Apparel,Topwear,Tops,Pink,Summer,2012.0,Casual,Jealous 21 Women Pink Top
58071,Women,Accessories,Jewellery,Earrings,Silver,Fall,2012.0,Casual,Rreverie Silver & White Earrings
38955,Boys,Apparel,Topwear,Tshirts,Green,Summer,2012.0,Casual,Palm Tree Boys Printed Green T-shirt
56116,Women,Personal Care,Lips,Lip Gloss,Pink,Spring,2017.0,Casual,Colorbar Pink Velvet Lip Pot 600
7291,Men,Apparel,Topwear,Tshirts,Brown,Fall,2011.0,Casual,Mickey Men's Donald Salute Star Brown T-shirt
24360,Women,Apparel,Topwear,Kurtas,Black,Fall,2011.0,Ethnic,Folklore Women Black Printed Kurta
22407,Men,Apparel,Topwear,Shirts,White,Fall,2011.0,Casual,Mark Taylor Men Striped White Shirt
15840,Women,Apparel,Topwear,Kurtas,Yellow,Fall,2011.0,Ethnic,Visudh Mustard Printed Ethnic Kurta
14368,Women,Footwear,Shoes,Heels,Black,Winter,2015.0,Casual,Catwalk Women Casual Black Flats
5363,Unisex,Footwear,Shoes,Sports Shoes,White,Summer,2011.0,Sports,Btwin Six Mtb Shoes 2009
5151,Women,Apparel,Topwear,Tshirts,White,Summer,2011.0,Casual,Wrangler Women's Braided Shoulder White T-shirt
24393,Women,Apparel,Topwear,Kurtas,Red,Fall,2011.0,Ethnic,Folklore Women Red Printed Kurta
15878,Unisex,Footwear,Flip Flops,Flip Flops,Yellow,Winter,2013.0,Casual,Warner Bros Kids Unisex TJ Big Face Yellow Slippers
48484,Women,Apparel,Dress,Dresses,Blue,Winter,2011.0,Casual,French Connection Women Blue Dress
45995,Women,Apparel,Saree,Sarees,Cream,Summer,2012.0,Ethnic,Fabindia Cream-Coloured & Blue Hand Printed Saree
12098,Women,Apparel,Topwear,Kurtas,Beige,Fall,2011.0,Ethnic,W Women Printed Beige Kurtas
38397,Men,Apparel,Topwear,Tshirts,Blue,Summer,2012.0,Sports,ADIDAS Mumbai Indians Men Blue Fan T-shirt
46946,Women,Personal Care,Fragrance,Perfume and Body Mist,Pink,Spring,2017.0,Casual,York Women Betty Perfume
23519,Men,Accessories,Watches,Watches,Black,Winter,2016.0,Casual,ADIDAS Originals Men Black Dial Watch ADH9015
49502,Men,Footwear,Shoes,Casual Shoes,Brown,Summer,2012.0,Casual,Vans Men Brown 106 Moc CA LNS Shoes
49166,Women,Personal Care,Nails,Nail Polish,Charcoal,Spring,2017.0,Casual,Deborah 7 Days Long Nail Polish 00
25488,Men,Footwear,Shoes,Casual Shoes,Black,Summer,2012.0,Casual,Nike Men Backboard Black Casual Shoes
29245,Men,Apparel,Topwear,Tshirts,Red,Summer,2012.0,Sports,ADIDAS Men Chicago Bulls NBA Red Jersey
12038,Men,Apparel,Topwear,Shirts,White,Fall,2011.0,Formal,Mark Taylor Men Solid White Shirts
14304,Men,Apparel,Topwear,Shirts,White,Fall,2011.0,Casual,Spykar Men Solid White Shirts
11020,Women,Apparel,Topwear,Tshirts,Pink,Fall,2011.0,Casual,Wrangler Women Pink Freedom Spirit T-shirt
18991,Men,Apparel,Topwear,Tshirts,Black,Summer,2011.0,Casual,ADIDAS Originals Men Grinball Black Tshirt
44010,Men,Personal Care,Fragrance,Perfume and Body Mist,Black,Spring,2017.0,Casual,Police Men Pure Perfume
32858,Women,Footwear,Shoes,Heels,Beige,Winter,2012.0,Casual,Grendha Women Beige Flats
6310,Unisex,Footwear,Flip Flops,Flip Flops,Black,Winter,2011.0,Casual,Puma Unisex Issac Black Yellow Flip Flop
30961,Women,Apparel,Topwear,Kurtis,Black,Summer,2012.0,Ethnic,Fabindia Women Black Chanderi Tunic
15028,Women,Apparel,Topwear,Sweatshirts,Navy Blue,Fall,2011.0,Casual,ADIDAS Women Printed Navy Blue Sweatshirts
3665,Men,Footwear,Shoes,Sports Shoes,White,Summer,2011.0,Sports,Fila Men's Intercept White Silver Shoe
6125,Unisex,Accessories,Bags,Backpacks,Black,Summer,2011.0,Casual,Puma Unisex Foundation Black Red Bagpack
10101,Men,Footwear,Shoes,Sports Shoes,Black,Fall,2011.0,Sports,Reebok Men Island Explorer Black Sports Shoes
25020,Men,Apparel,Topwear,Sweatshirts,Black,Fall,2011.0,Sports,Nike Men Poly Fleece Black Sweatshirt
57256,Women,Accessories,Bags,Handbags,Pink,Summer,2012.0,Casual,Murcia Women Pink Handbag
59755,Women,Apparel,Innerwear,Briefs,Black,Summer,2014.0,Casual,Avirate Black Brief
34993,Women,Apparel,Saree,Sarees,Olive,Summer,2012.0,Ethnic,Fabindia Women H& Printed Olive Green Sari
9500,Men,Apparel,Topwear,Shirts,Black,Fall,2011.0,Formal,John Miller Men white grey check Black Shirts
15677,Men,Apparel,Bottomwear,Trousers,Beige,Fall,2011.0,Casual,Highlander Men Classic Chinos Beige Trousers
11481,Women,Apparel,Topwear,Tops,Green,Fall,2011.0,Casual,United Colors of Benetton Women Light Winter Green Tops
4476,Men,Footwear,Shoes,Sports Shoes,White,Summer,2011.0,Sports,Puma Men's Ikonis White Black Red Shoe
40011,Men,Accessories,Eyewear,Sunglasses,Brown,Winter,2016.0,Casual,Park Avenue Men Brown Frame Sunglasses
28167,Men,Accessories,Eyewear,Sunglasses,Gold,Winter,2016.0,Casual,Ray-Ban Men Aviator Gold Sunglasses
58680,Women,Apparel,Topwear,Kurtas,Pink,Fall,2012.0,Ethnic,Alayna Women Pink Kurta
15019,Men,Apparel,Topwear,Sweatshirts,Black,Fall,2011.0,Casual,ADIDAS Men Printed Black Sweatshirts
15684,Men,Apparel,Bottomwear,Trousers,Brown,Fall,2011.0,Casual,Highlander Men Classic Chinos Brown Trousers
4485,Women,Footwear,Shoes,Sports Shoes,Black,Summer,2011.0,Sports,Puma Women Soleil Black Shoe
27580,Men,Apparel,Topwear,Tshirts,Purple,Summer,2012.0,Casual,Scullers Men Striped Purple T-shirt
40640,Women,Apparel,Topwear,Kurtas,Olive,Summer,2012.0,Ethnic,Span Women Olive Green Kurta
45100,Women,Apparel,Innerwear,Bra,Pink,Summer,2016.0,Casual,Bw!tch Pink Rose Alba Bra
11958,Men,Footwear,Shoes,Casual Shoes,Black,Fall,2012.0,Casual,Ganuchi Men Casual Black Casual Shoes
34223,Men,Apparel,Topwear,Tshirts,Beige,Summer,2013.0,Casual,Proline Men Beige T-shirt
18674,Men,Footwear,Shoes,Sports Shoes,White,Fall,2011.0,Sports,Fila Men Sterling White Sports shoes
8795,Men,Apparel,Topwear,Shirts,Red,Fall,2011.0,Casual,Scullers Men Red Shirt
16970,Men,Footwear,Sandal,Sandals,Grey,Fall,2011.0,Casual,Puma Men Coupe Grey Sandal
19752,Men,Apparel,Topwear,Tshirts,Navy Blue,Summer,2011.0,Casual,Levis Men Solid Navy Blue Tshirt
22173,Men,Footwear,Shoes,Casual Shoes,Brown,Fall,2012.0,Casual,Timberland Men Dark Brown Casual Shoes
43978,Women,Personal Care,Fragrance,Perfume and Body Mist,Brown,Spring,2017.0,Casual,DKNY Women Brown Delicious Perfume
46052,Women,Accessories,Jewellery,Earrings,Gold,Winter,2016.0,Casual,Estelle Gold Earrings
16180,Men,Footwear,Shoes,Formal Shoes,Brown,Summer,2012.0,Formal,Enroute Men Leather Brown Formal Shoes
28644,Women,Apparel,Topwear,Tshirts,Purple,Summer,2012.0,Sports,Nike Women Striped Polo Purple T-shirt
24089,Men,Apparel,Topwear,Sweatshirts,Navy Blue,Fall,2011.0,Casual,Manchester United Men Navy Blue Sweatshirt
40960,Boys,Apparel,Topwear,Tshirts,White,Summer,2012.0,Casual,Gini and Jony Boys Around the World White T-shirt
29134,Women,Accessories,Eyewear,Sunglasses,Black,Winter,2016.0,Casual,Vogue Women Black Sunglasses
26181,Women,Footwear,Shoes,Flats,Silver,Spring,2013.0,Casual,Rocia Women Silver Casual Sandals
11703,Men,Apparel,Topwear,Shirts,Blue,Fall,2011.0,Casual,Lee Men Check Shirt
3989,Men,Apparel,Topwear,Tshirts,Maroon,Summer,2011.0,Casual,Mr.Men Men's Surfer Chilly Pepper Maroon T-shirt
2255,Men,Apparel,Bottomwear,Track Pants,Brown,Fall,2010.0,Sports,ADIDAS Men Brown Track Pant
19338,Men,Apparel,Topwear,Jackets,Black,Fall,2011.0,Casual,United Colors of Benetton Men Solid Black Jacket
31794,Women,Apparel,Topwear,Tshirts,Navy Blue,Summer,2012.0,Casual,Lee Women Navy Blue Beach T-shirt
53314,Men,Apparel,Topwear,Tshirts,Grey Melange,Summer,2012.0,Casual,Locomotive Men Grey Melange T-shirt
26175,Women,Footwear,Shoes,Flats,Black,Winter,2012.0,Casual,Rocia Women Black Casual Sandals
7185,Women,Apparel,Bottomwear,Jeans,Blue,Fall,2011.0,Casual,Jealous 21 Women Supper Skinny Zipped Ankle Light Blue Jeans
25951,Women,Accessories,Scarves,Scarves,Black,Summer,2012.0,Casual,Femella Women Printed Black & Cream Scarf
46893,Men,Apparel,Bottomwear,Jeans,Blue,Summer,2012.0,Casual,Locomotive Men Blue Jeans
48551,Men,Accessories,Belts,Belts,Brown,Summer,2012.0,Casual,Wrangler Men Brown Belt
17407,Men,Accessories,Socks,Socks,Brown,Summer,2016.0,Casual,Reid & Taylor Men Brown Socks
3710,Men,Accessories,Belts,Belts,Navy Blue,Summer,2011.0,Casual,Lee Men Navy Blue Canvas Belt
51444,Women,Apparel,Topwear,Shirts,Blue,Summer,2012.0,Formal,Myntra Women Light Blue Shirt
46407,Men,Apparel,Topwear,Tshirts,Red,Summer,2011.0,Casual,ADIDAS Men Red T-shirt
19931,Men,Accessories,Accessories,Accessory Gift Set,Maroon,Fall,2011.0,Formal,Reid & Taylor Men Formal Maroon Tie+Cufflink+Pocket square - Combo Pack
7512,Women,Apparel,Topwear,Tshirts,Black,Summer,2011.0,Sports,Nike Women's Black Polo T-shirt
57575,Women,Personal Care,Lips,Lipstick,Gold,Spring,2017.0,,Lotus Herbals Pure Colours Copper Gold Lipstick 661
49817,Women,Footwear,Flip Flops,Flip Flops,Brown,Winter,2012.0,Casual,iPanema Women Brown Flip Flops
59616,Women,Apparel,Saree,Sarees,Purple,Summer,2012.0,Ethnic,FNF Purple Wedding Collection Sari
51883,Women,Accessories,Wallets,Wallets,Green,Summer,2016.0,Casual,Nyk Women Green Wallet
39753,Boys,Apparel,Bottomwear,Trousers,Khaki,Summer,2012.0,Casual,Gini Jony Boys Khaki Trousers
26589,Men,Footwear,Shoes,Sports Shoes,Black,Summer,2012.0,Sports,Puma Men Powercat Black Sports Shoes
59219,Unisex,Accessories,Watches,Watches,White,Summer,2017.0,Casual,Titan Set of 2 His & Her White Dial Watches NB19572957SM01
10676,Women,Apparel,Topwear,Tops,Red,Fall,2011.0,Casual,Doodle Girl Bubbles Red Tops
37054,Women,Accessories,Belts,Belts,Purple,Summer,2012.0,Casual,Lino Perros Women Purple Belt
51622,Women,Accessories,Watches,Watches,White,Winter,2016.0,Casual,FOSSIL Women White Dial Watch ES3062
19991,Men,Apparel,Topwear,Tshirts,Black,Summer,2011.0,Casual,United Colors of Benetton Men Printed Black TShirt
15552,Women,Accessories,Socks,Socks,White,Summer,2013.0,Sports,Fila Women Pack Of 3 White Socks
13235,Men,Apparel,Topwear,Tshirts,Blue,Fall,2011.0,Casual,Palm Tree Kids Boys Stripes Blue Tshirts
6458,Unisex,Footwear,Shoes,Casual Shoes,Blue,Summer,2011.0,Casual,Lotto Unisex Canvas White Blue Shoe
34074,Women,Footwear,Shoes,Flats,Silver,Fall,2012.0,Casual,Clarks Women Arizona Heat Leather Silver Shoes
6003,Men,Apparel,Topwear,Shirts,Blue,Summer,2011.0,Casual,Highlander Men Blue White Plaid Checked Shirt
59673,Women,Apparel,Topwear,Lehenga Choli,Red,Fall,2012.0,Ethnic,FNF Red Bridal Collection Lehenga Choli
33869,Men,Accessories,Watches,Watches,Steel,Winter,2016.0,Casual,Citizen Men Sliver Dial Chronograph Watch
9841,Men,Apparel,Topwear,Tshirts,White,Fall,2011.0,Casual,Spykar Men White Polo T-Shirts
42660,Women,Apparel,Topwear,Kurtas,White,Summer,2012.0,Ethnic,Alma Women White Kurta
10475,Men,Apparel,Topwear,Shirts,Brown,Fall,2011.0,Casual,Flying Machine Men FS Solid Brown Shirts
54537,Men,Footwear,Shoes,Sports Shoes,White,Fall,2012.0,Sports,F Sports Men White Deen Sports Shoes
28287,Men,Accessories,Eyewear,Sunglasses,Black,Winter,2016.0,Casual,Fastrack Men Black Sunglasses
14489,Men,Footwear,Shoes,Casual Shoes,Blue,Fall,2011.0,Casual,Flying Machine Men Casual Blue Casual Shoes
6456,Men,Footwear,Shoes,Sports Shoes,White,Summer,2011.0,Sports,Lotto Men's Basketball White Red Shoe
55086,Women,Personal Care,Skin Care,Eye Cream,Cream,Spring,2017.0,Casual,Ponds Flawless White Under Eye Cream
14613,Men,Accessories,Socks,Socks,Black,Summer,2011.0,Casual,United Colors of Benetton Men Pack of 2 Black Socks
8332,Boys,Apparel,Topwear,Tshirts,White,Fall,2011.0,Casual,Doodle Boy's Car Print White Red Blue Kidswear
10278,Men,Footwear,Shoes,Casual Shoes,Brown,Fall,2011.0,Casual,Clarks Men Nature Easy Mahogany Leather Brown Casual Shoes
39396,Men,Apparel,Topwear,Tshirts,Green,Summer,2012.0,Casual,Peter England Men Polo Neck Green T-shirt
9648,Men,Apparel,Topwear,Shirts,Maroon,Fall,2011.0,Formal,Indigo Nation Men Mar Maroon Shirts
54302,Women,Apparel,Innerwear,Bra,Pink,Summer,2017.0,Casual,Garfield Women Pink & Red Bra
56455,Women,Personal Care,Nails,Nail Polish,Bronze,Spring,2017.0,Casual,Streetwear Snazzy Nail Polish 15
34683,Boys,Apparel,Topwear,Tshirts,Red,Summer,2012.0,Casual,Allen Solly Kids Boys Red T-shirt
24411,Men,Footwear,Shoes,Sports Shoes,Black,Summer,2012.0,Sports,ADIDAS Men TC Clima Mid Black Sports Shoes
33660,Men,Footwear,Sandal,Sandals,Black,Summer,2012.0,Casual,Lotto Men Sting II Black Sandals
30812,Women,Apparel,Bottomwear,Leggings,Maroon,Summer,2012.0,Ethnic,Fabindia Women Maroon Leggings
35138,Women,Accessories,Jewellery,Bracelet,Black,Summer,2012.0,Casual,Allen Solly Woman Black Bangle
2865,Men,Apparel,Topwear,Tshirts,Blue,Summer,2011.0,Casual,Inkfruit Men's Men in Blue White T-shirt
27409,Women,Apparel,Loungewear and Nightwear,Lounge Shorts,Navy Blue,Winter,2015.0,Casual,Jockey Women Navy Blue Capris
10885,Men,Apparel,Topwear,Tshirts,Teal,Fall,2011.0,Casual,Wrangler Men Glow in Dark Teal T-shirt
28025,Men,Apparel,Innerwear,Briefs,Black,Summer,2016.0,Casual,Jockey ELANCE Men Black  Elance Brief 1005
31108,Boys,Apparel,Topwear,Tshirts,White,Summer,2012.0,Casual,Palm Tree Boys Printed White T-shirt
28819,Men,Apparel,Topwear,Shirts,Green,Summer,2012.0,Casual,Denizen Men Check Green Shirt
18482,Men,Footwear,Shoes,Casual Shoes,White,Fall,2011.0,Casual,Puma Men Future Cat White Casual Shoes
11350,Men,Apparel,Bottomwear,Jeans,Blue,Spring,2013.0,Casual,Lee Men Msyria Blue Chicago Fit Jeans
3182,Men,Footwear,Shoes,Sports Shoes,Black,Fall,2010.0,Sports,Nike Men's Lunarelite Black Green Shoe
40196,Women,Apparel,Topwear,Kurtis,Green,Summer,2012.0,Ethnic,Mumbai Slang Women Light Green Kurti
28810,Men,Apparel,Topwear,Shirts,Blue,Summer,2012.0,Casual,Denizen Men Check Blue Shirt
17850,Women,Apparel,Topwear,Tops,Grey,Fall,2011.0,Casual,Flying Machine Women Sequins Grey Top
27893,Women,Apparel,Topwear,Shirts,Blue,Summer,2012.0,Casual,Scullers For Her Check Blue Shirt
28645,Women,Apparel,Topwear,Tshirts,Black,Summer,2012.0,Sports,Nike Women Bleach Black T-shirt
50303,Men,Accessories,Ties,Ties,Red,Summer,2012.0,Formal,Park Avenue Men Red Tie
8935,Men,Accessories,Wallets,Wallets,Grey,Fall,2011.0,Casual,Puma Men big cat Grey Wallet
47172,Men,Footwear,Sandal,Sandals,Black,Summer,2012.0,Casual,Ganuchi Men Black Sandals
26946,Women,Apparel,Topwear,Tshirts,Magenta,Summer,2012.0,Casual,Jealous 21 Women Printed Plum T-shirt
2800,Men,Footwear,Shoes,Casual Shoes,Brown,Fall,2009.0,Casual,iD Men's Casual Strapped Leather Brown Shoe
47589,Women,Footwear,Shoes,Heels,Maroon,Winter,2012.0,Casual,Portia Women Maroon Sandals
10814,Men,Apparel,Topwear,Shirts,Purple,Fall,2011.0,Casual,Wrangler Men Easter Bright Amslar Purple Shirt
43740,Women,Accessories,Jewellery,Bangle,Gold,Summer,2012.0,Casual,Royal Diadem Set of 4 Golden Bangles
50165,Women,Footwear,Shoes,Heels,Black,Winter,2012.0,Casual,Rocia Women Black Wedges
22545,Women,Footwear,Shoes,Heels,Gold,Winter,2012.0,Casual,Catwalk Women Gold Heels
12586,Unisex,Apparel,Topwear,Tshirts,Pink,Fall,2011.0,Casual,Tantra Unisex Printed Pink Tshirts
52064,Men,Apparel,Topwear,Tshirts,Blue,Summer,2012.0,Casual,Myntra Men Blue T-shirt
54155,Women,Accessories,Jewellery,Necklace and Chains,Silver,Fall,2012.0,Casual,Femella Silver Disc and Balls Necklace
48532,Men,Footwear,Flip Flops,Flip Flops,Black,Fall,2012.0,Casual,Calvin Klein Men Black Flip Flops
38221,Unisex,Accessories,Eyewear,Sunglasses,Black,Winter,2016.0,Casual,Polaroid Unisex Sunglasses
8357,Boys,Apparel,Topwear,Tshirts,Green,Fall,2011.0,Casual,Doodle Boy's End Is Just Begining Green Kidswear
22925,Unisex,Accessories,Watches,Watches,Black,Winter,2016.0,Casual,Fastrack Unisex Black Dial Watch 9912PP05
38483,Women,Accessories,Belts,Belts,White,Summer,2012.0,Casual,Baggit Women White Belt
4551,Men,Footwear,Shoes,Sports Shoes,Black,Summer,2011.0,Sports,Nike Men's T-Lite 9 Leat Black Shoe
29962,Men,Accessories,Eyewear,Sunglasses,Black,Winter,2016.0,Casual,Cat Men Sheet Sunglasses
44596,Men,Accessories,Belts,Belts,Grey,Summer,2012.0,Formal,Van Heusen Men Grey and Brown Reversible Belt
45212,Women,Accessories,Watches,Watches,White,Winter,2016.0,Casual,CASIO ENTICER Women White Dial Watch A667
16121,Men,Accessories,Belts,Belts,Black,Fall,2011.0,Formal,Turtle Men Black Belt
55074,Women,Personal Care,Makeup,Kajal and Eyeliner,Sea Green,Spring,2017.0,Casual,Lakme Glide On Aqua Green Eye Color
27202,Men,Apparel,Topwear,Shirts,Red,Summer,2012.0,Casual,Doodle Kids Boy Check Red Shirt
32947,Men,Footwear,Shoes,Casual Shoes,Navy Blue,Summer,2012.0,Casual,ADIDAS Neo Men Rugged Sail Navy Blue Shoes
36977,Women,Accessories,Bags,Clutches,Black,Summer,2012.0,Casual,Lino Perros Women Black Clutch
15766,Men,Apparel,Innerwear,Innerwear Vests,Charcoal,Summer,2016.0,Casual,Facit Men Smart Charcoal Innerwear Vest
34081,Men,Footwear,Shoes,Casual Shoes,Brown,Summer,2016.0,Casual,Clarks Men Brown Nature Three Mahogany Leather Casual Shoes
3570,Men,Footwear,Shoes,Casual Shoes,Black,Summer,2011.0,Casual,ADIDAS Men's Natural Brown Shoe
44766,Men,Footwear,Shoes,Casual Shoes,Black,Summer,2012.0,Casual,Globalite Men Black & Grey Eclipse Shoes
36346,Men,Free Items,Free Gifts,Free Gifts,Maroon,Summer,2012.0,Casual,Reid & Taylor Men Maroon Checked Tie
46203,Women,Accessories,Jewellery,Bangle,Black,Winter,2015.0,Casual,Adrika Women Black Bangle
7772,Unisex,Footwear,Sandal,Sandals,Navy Blue,Summer,2012.0,Casual,Converse Unisex As Chucks Navy Floater
57947,Men,Footwear,Shoes,Casual Shoes,Black,Spring,2012.0,Casual,Clarks Men Black Shoes
6208,Men,Apparel,Topwear,Tshirts,Green,Summer,2011.0,Casual,Lee Men's Hand Green T-shirt
30284,Men,Accessories,Eyewear,Sunglasses,Brown,Summer,2017.0,Casual,Speedo Men Sheet Sunglasses
31190,Men,Accessories,Accessories,Accessory Gift Set,Brown,Summer,2012.0,Casual,Cabarelli Men Accessory Gift Set
6653,Men,Footwear,Shoes,Casual Shoes,White,Summer,2011.0,Casual,Nike Men's Air Force White Orange Shoe
